/* roles table */
INSERT INTO roles (role_id, role_name, salary) VALUES (1,'Anesthesiologist',180000);
INSERT INTO roles (role_id, role_name, salary) VALUES (2,'Cardiologist',50000);
INSERT INTO roles (role_id, role_name, salary) VALUES (3,'Cardiovascular Surgeon',600000);
INSERT INTO roles (role_id, role_name, salary) VALUES (4,'Case Manager',50000);
INSERT INTO roles (role_id, role_name, salary) VALUES (5,'Endocrinologist',50000);
INSERT INTO roles (role_id, role_name, salary) VALUES (6,'Housekeeping',50000);
INSERT INTO roles (role_id, role_name, salary) VALUES (7,'IC Doctor',50000);
INSERT INTO roles (role_id, role_name, salary) VALUES (8,'Registered Nurse',120000);
INSERT INTO roles (role_id, role_name, salary) VALUES (9,'Occupational Therapist',50000);
INSERT INTO roles (role_id, role_name, salary) VALUES (10,'Physician Assistant',72000);
INSERT INTO roles (role_id, role_name, salary) VALUES (11,'Physical Therapist',50000);
INSERT INTO roles (role_id, role_name, salary) VALUES (12,'Respiratory Therapist',50000);
INSERT INTO roles (role_id, role_name, salary) VALUES (13,'Scub Tech',42000);
INSERT INTO roles (role_id, role_name, salary) VALUES (14,'Perfusionist',50000);

/* activities table */
INSERT INTO activities (activity_id, acticity_name, activity_category) VALUES (1,'Transesophaegal Echocardiogram','S');
INSERT INTO activities (activity_id, acticity_name, activity_category) VALUES (2,'Pre-Surgical Procedures','S');
INSERT INTO activities (activity_id, acticity_name, activity_category) VALUES (3,'Scavenging of the Saphenous Vein','S');
INSERT INTO activities (activity_id, acticity_name, activity_category) VALUES (4,'Median Sternotomy','S');
INSERT INTO activities (activity_id, acticity_name, activity_category) VALUES (5,'Grafting','S');
INSERT INTO activities (activity_id, acticity_name, activity_category) VALUES (6,'Surgery Completion to OR Departure','S');
INSERT INTO activities (activity_id, acticity_name, activity_category) VALUES (7,'Sit with the patient','PO');
INSERT INTO activities (activity_id, acticity_name, activity_category) VALUES (8,'Check vitals','PO');
INSERT INTO activities (activity_id, acticity_name, activity_category) VALUES (9,'Administer medication','PO');
INSERT INTO activities (activity_id, acticity_name, activity_category) VALUES (10,'X-Ray and EKG','PO');
INSERT INTO activities (activity_id, acticity_name, activity_category) VALUES (11,'Provide meals','PO');
INSERT INTO activities (activity_id, acticity_name, activity_category) VALUES (12,'Monitor Intake and Output','PO');
INSERT INTO activities (activity_id, acticity_name, activity_category) VALUES (13,'Walk the patient','PO');
INSERT INTO activities (activity_id, acticity_name, activity_category) VALUES (14,'Family education','PO');
INSERT INTO activities (activity_id, acticity_name, activity_category) VALUES (15,'Bathe the patient','PO');
INSERT INTO activities (activity_id, acticity_name, activity_category) VALUES (16,'Place orders for patient\'s medication','PO');
INSERT INTO activities (activity_id, acticity_name, activity_category) VALUES (17,'Check Lab Results','PO');
INSERT INTO activities (activity_id, acticity_name, activity_category) VALUES (18,'Write discharge summary','PO');
INSERT INTO activities (activity_id, acticity_name, activity_category) VALUES (19,'Connect ventilator','PO');
INSERT INTO activities (activity_id, acticity_name, activity_category) VALUES (20,'Extubation process','PO');
INSERT INTO activities (activity_id, acticity_name, activity_category) VALUES (21,'Plan and review patient\'s case','PO');
INSERT INTO activities (activity_id, acticity_name, activity_category) VALUES (22,'Talk to Family/Social Workers','PO');
INSERT INTO activities (activity_id, acticity_name, activity_category) VALUES (23,'Stand patient','PO');
INSERT INTO activities (activity_id, acticity_name, activity_category) VALUES (24,'Talk to patient and nurse','PO');

/* activ_role table */
INSERT INTO activ_role (activity_id, role_id, activity_default_time, activity_day) VALUES (1,1,90,'0');
INSERT INTO activ_role (activity_id, role_id, activity_default_time, activity_day) VALUES (1,10,45,'0');
INSERT INTO activ_role (activity_id, role_id, activity_default_time, activity_day) VALUES (2,13,90,'0');
INSERT INTO activ_role (activity_id, role_id, activity_default_time, activity_day) VALUES (2,10,45,'0');
INSERT INTO activ_role (activity_id, role_id, activity_default_time, activity_day) VALUES (2,8,90,'0');
INSERT INTO activ_role (activity_id, role_id, activity_default_time, activity_day) VALUES (3,10,90,'0');
INSERT INTO activ_role (activity_id, role_id, activity_default_time, activity_day) VALUES (4,3,90,'0');
INSERT INTO activ_role (activity_id, role_id, activity_default_time, activity_day) VALUES (4,13,90,'0');
INSERT INTO activ_role (activity_id, role_id, activity_default_time, activity_day) VALUES (5,3,180,'0');
INSERT INTO activ_role (activity_id, role_id, activity_default_time, activity_day) VALUES (5,10,180,'0');
INSERT INTO activ_role (activity_id, role_id, activity_default_time, activity_day) VALUES (5,13,180,'0');
INSERT INTO activ_role (activity_id, role_id, activity_default_time, activity_day) VALUES (6,8,60,'0');
INSERT INTO activ_role (activity_id, role_id, activity_default_time, activity_day) VALUES (6,10,60,'0');
INSERT INTO activ_role (activity_id, role_id, activity_default_time, activity_day) VALUES (6,1,60,'0');
INSERT INTO activ_role (activity_id, role_id, activity_default_time, activity_day) VALUES (7,8,60,'0');
INSERT INTO activ_role (activity_id, role_id, activity_default_time, activity_day) VALUES (8,8,5,'1');
INSERT INTO activ_role (activity_id, role_id, activity_default_time, activity_day) VALUES (8,8,5,'n');
INSERT INTO activ_role (activity_id, role_id, activity_default_time, activity_day) VALUES (8,8,5,'d');
INSERT INTO activ_role (activity_id, role_id, activity_default_time, activity_day) VALUES (9,8,30,'1');
INSERT INTO activ_role (activity_id, role_id, activity_default_time, activity_day) VALUES (9,8,15,'n');
INSERT INTO activ_role (activity_id, role_id, activity_default_time, activity_day) VALUES (9,8,10,'d');
INSERT INTO activ_role (activity_id, role_id, activity_default_time, activity_day) VALUES (10,8,15,'1');
INSERT INTO activ_role (activity_id, role_id, activity_default_time, activity_day) VALUES (10,8,15,'n');
INSERT INTO activ_role (activity_id, role_id, activity_default_time, activity_day) VALUES (10,8,15,'d');
INSERT INTO activ_role (activity_id, role_id, activity_default_time, activity_day) VALUES (12,8,5,'1');
INSERT INTO activ_role (activity_id, role_id, activity_default_time, activity_day) VALUES (12,8,5,'n');
INSERT INTO activ_role (activity_id, role_id, activity_default_time, activity_day) VALUES (12,8,20,'d');
INSERT INTO activ_role (activity_id, role_id, activity_default_time, activity_day) VALUES (16,10,10,'0');
INSERT INTO activ_role (activity_id, role_id, activity_default_time, activity_day) VALUES (17,10,5,'1');
INSERT INTO activ_role (activity_id, role_id, activity_default_time, activity_day) VALUES (17,10,5,'n');
INSERT INTO activ_role (activity_id, role_id, activity_default_time, activity_day) VALUES (18,10,60,'d');
INSERT INTO activ_role (activity_id, role_id, activity_default_time, activity_day) VALUES (20,12,30,'1');
INSERT INTO activ_role (activity_id, role_id, activity_default_time, activity_day) VALUES (21,4,20,'1');
INSERT INTO activ_role (activity_id, role_id, activity_default_time, activity_day) VALUES (21,4,20,'n');
INSERT INTO activ_role (activity_id, role_id, activity_default_time, activity_day) VALUES (22,4,120,'d');
INSERT INTO activ_role (activity_id, role_id, activity_default_time, activity_day) VALUES (11,8,15,'1');
INSERT INTO activ_role (activity_id, role_id, activity_default_time, activity_day) VALUES (11,8,15,'n');
INSERT INTO activ_role (activity_id, role_id, activity_default_time, activity_day) VALUES (11,8,15,'d');
INSERT INTO activ_role (activity_id, role_id, activity_default_time, activity_day) VALUES (23,8,30,'1');
INSERT INTO activ_role (activity_id, role_id, activity_default_time, activity_day) VALUES (23,8,30,'n');
INSERT INTO activ_role (activity_id, role_id, activity_default_time, activity_day) VALUES (23,8,30,'d');
INSERT INTO activ_role (activity_id, role_id, activity_default_time, activity_day) VALUES (13,8,20,'1');
INSERT INTO activ_role (activity_id, role_id, activity_default_time, activity_day) VALUES (13,8,20,'n');
INSERT INTO activ_role (activity_id, role_id, activity_default_time, activity_day) VALUES (13,8,20,'d');
INSERT INTO activ_role (activity_id, role_id, activity_default_time, activity_day) VALUES (14,8,15,'1');
INSERT INTO activ_role (activity_id, role_id, activity_default_time, activity_day) VALUES (14,8,15,'n');
INSERT INTO activ_role (activity_id, role_id, activity_default_time, activity_day) VALUES (14,8,90,'d');
INSERT INTO activ_role (activity_id, role_id, activity_default_time, activity_day) VALUES (15,8,60,'1');
INSERT INTO activ_role (activity_id, role_id, activity_default_time, activity_day) VALUES (15,8,60,'n');
INSERT INTO activ_role (activity_id, role_id, activity_default_time, activity_day) VALUES (16,10,10,'1');
INSERT INTO activ_role (activity_id, role_id, activity_default_time, activity_day) VALUES (16,10,10,'n');
INSERT INTO activ_role (activity_id, role_id, activity_default_time, activity_day) VALUES (19,12,15,'0');
INSERT INTO activ_role (activity_id, role_id, activity_default_time, activity_day) VALUES (24,10,15,'1');
INSERT INTO activ_role (activity_id, role_id, activity_default_time, activity_day) VALUES (24,10,15,'n');

/* patients table */
INSERT INTO patients (patient_id, patient_fname, patient_lname, birthdate, checkin, checkout, gender, diabetes, insurance) VALUES(1,'Ayesha','Leona',STR_TO_DATE('1941-11-08', '%Y-%m-%d'), STR_TO_DATE('2012-02-27', '%Y-%m-%d'), STR_TO_DATE('2012-03-07', '%Y-%m-%d'),'M','N', 'others');
INSERT INTO patients (patient_id, patient_fname, patient_lname, birthdate, checkin, checkout, gender, diabetes, insurance) VALUES(2,'Zetta','Ronny',STR_TO_DATE('1943-10-12', '%Y-%m-%d'), STR_TO_DATE('2012-05-07', '%Y-%m-%d'), STR_TO_DATE('2012-05-14', '%Y-%m-%d'),'F','N', 'others');
INSERT INTO patients (patient_id, patient_fname, patient_lname, birthdate, checkin, checkout, gender, diabetes, insurance) VALUES(3,'Alton','Shad',STR_TO_DATE('1946-04-19', '%Y-%m-%d'), STR_TO_DATE('2012-07-05', '%Y-%m-%d'), STR_TO_DATE('2012-07-16', '%Y-%m-%d'),'M','Y','medicare');
INSERT INTO patients (patient_id, patient_fname, patient_lname, birthdate, checkin, checkout, gender, diabetes, insurance) VALUES(4,'Wanda','Taneka',STR_TO_DATE('1949-02-14', '%Y-%m-%d'), STR_TO_DATE('2012-07-27', '%Y-%m-%d'), STR_TO_DATE('2012-08-08', '%Y-%m-%d'),'M','N','others');
INSERT INTO patients (patient_id, patient_fname, patient_lname, birthdate, checkin, checkout, gender, diabetes, insurance) VALUES(5,'Tiffany','Phillip',STR_TO_DATE('1951-08-03', '%Y-%m-%d'), STR_TO_DATE('2012-09-04', '%Y-%m-%d'), STR_TO_DATE('2012-09-10', '%Y-%m-%d'),'F','N','securityblue');
INSERT INTO patients (patient_id, patient_fname, patient_lname, birthdate, checkin, checkout, gender, diabetes, insurance) VALUES(6,'Marna','Antony',STR_TO_DATE('1953-11-29', '%Y-%m-%d'), STR_TO_DATE('2013-04-10', '%Y-%m-%d'), STR_TO_DATE('2013-04-16', '%Y-%m-%d'),'M','Y','advantra');
INSERT INTO patients (patient_id, patient_fname, patient_lname, birthdate, checkin, checkout, gender, diabetes, insurance) VALUES(7,'Dwayne','Tifany',STR_TO_DATE('1956-01-23', '%Y-%m-%d'), STR_TO_DATE('2013-07-22', '%Y-%m-%d'), STR_TO_DATE('2013-07-26', '%Y-%m-%d'),'M','N','securityblue');
INSERT INTO patients (patient_id, patient_fname, patient_lname, birthdate, checkin, checkout, gender, diabetes, insurance) VALUES(8,'Talia','Mayme',STR_TO_DATE('1957-01-24', '%Y-%m-%d'), STR_TO_DATE('2013-08-07', '%Y-%m-%d'), STR_TO_DATE('2013-08-13', '%Y-%m-%d'),'F','N','medicare');
INSERT INTO patients (patient_id, patient_fname, patient_lname, birthdate, checkin, checkout, gender, diabetes, insurance) VALUES(9,'Irmgard','Yuette',STR_TO_DATE('1961-12-24', '%Y-%m-%d'), STR_TO_DATE('2013-09-15', '%Y-%m-%d'), STR_TO_DATE('2013-09-23', '%Y-%m-%d'),'M','Y','securityblue');
INSERT INTO patients (patient_id, patient_fname, patient_lname, birthdate, checkin, checkout, gender, diabetes, insurance) VALUES(10,'Eden','Saul',STR_TO_DATE('1964-05-07', '%Y-%m-%d'), STR_TO_DATE('2014-03-06', '%Y-%m-%d'), STR_TO_DATE('2014-03-12', '%Y-%m-%d'),'F','N','others');
INSERT INTO patients (patient_id, patient_fname, patient_lname, birthdate, checkin, checkout, gender, diabetes, insurance) VALUES(11,'Lizzie','Dante',STR_TO_DATE('1967-05-08', '%Y-%m-%d'), STR_TO_DATE('2014-03-05', '%Y-%m-%d'), STR_TO_DATE('2014-03-12', '%Y-%m-%d'),'M','N','securityblue');
INSERT INTO patients (patient_id, patient_fname, patient_lname, birthdate, checkin, checkout, gender, diabetes, insurance) VALUES(12,'Zoe','Ignacia',STR_TO_DATE('1967-10-08', '%Y-%m-%d'), STR_TO_DATE('2014-05-09', '%Y-%m-%d'), STR_TO_DATE('2014-05-12', '%Y-%m-%d'),'F','N','advantra');
INSERT INTO patients (patient_id, patient_fname, patient_lname, birthdate, checkin, checkout, gender, diabetes, insurance) VALUES(13,'Kerrie','Mertie',STR_TO_DATE('1971-03-06', '%Y-%m-%d'), STR_TO_DATE('2014-05-28', '%Y-%m-%d'), STR_TO_DATE('2014-06-04', '%Y-%m-%d'),'F','Y','bluecross');
INSERT INTO patients (patient_id, patient_fname, patient_lname, birthdate, checkin, checkout, gender, diabetes, insurance) VALUES(14,'Jacquetta','Gerald',STR_TO_DATE('1973-04-01', '%Y-%m-%d'), STR_TO_DATE('2014-07-24', '%Y-%m-%d'), STR_TO_DATE('2014-08-02', '%Y-%m-%d'),'M','N','bluecross');
INSERT INTO patients (patient_id, patient_fname, patient_lname, birthdate, checkin, checkout, gender, diabetes, insurance) VALUES(15,'Daphine','Velvet',STR_TO_DATE('1974-05-31', '%Y-%m-%d'), STR_TO_DATE('2014-08-14', '%Y-%m-%d'), STR_TO_DATE('2014-08-19', '%Y-%m-%d'),'F','Y','others');
INSERT INTO patients (patient_id, patient_fname, patient_lname, birthdate, checkin, checkout, gender, diabetes, insurance) VALUES(16,'Leeanna','Irene',STR_TO_DATE('1976-01-15', '%Y-%m-%d'), STR_TO_DATE('2014-09-15', '%Y-%m-%d'), STR_TO_DATE('2014-09-23',  '%Y-%m-%d'),'F','Y','advantra');
INSERT INTO patients (patient_id, patient_fname, patient_lname, birthdate, checkin, checkout, gender, diabetes, insurance) VALUES(17,'Daina','Lecia',STR_TO_DATE('1977-10-25', '%Y-%m-%d'), STR_TO_DATE('2014-10-28', '%Y-%m-%d'), STR_TO_DATE('2014-11-03', '%Y-%m-%d'),'M','N','others');
INSERT INTO patients (patient_id, patient_fname, patient_lname, birthdate, checkin, checkout, gender, diabetes, insurance) VALUES(18,'Anika','Isidro',STR_TO_DATE('1986-07-23', '%Y-%m-%d'), STR_TO_DATE('2014-12-08', '%Y-%m-%d'), STR_TO_DATE('2014-12-12', '%Y-%m-%d'),'F','Y','others');
INSERT INTO patients (patient_id, patient_fname, patient_lname, birthdate, checkin, checkout, gender, diabetes, insurance) VALUES(19,'Karey','Rheba',STR_TO_DATE('1986-11-25', '%Y-%m-%d'), STR_TO_DATE('2015-01-27', '%Y-%m-%d'), STR_TO_DATE('2015-01-31', '%Y-%m-%d'),'M','N','advantra');
INSERT INTO patients (patient_id, patient_fname, patient_lname, birthdate, checkin, checkout, gender, diabetes, insurance) VALUES(20,'Buster','Adah',STR_TO_DATE('1991-08-16', '%Y-%m-%d'), STR_TO_DATE('2013-06-03', '%Y-%m-%d'), STR_TO_DATE('2013-06-06', '%Y-%m-%d'),'M','N','others');


UPDATE reports SET freq = 1,time_duration = 90 WHERE report_id = 1;
UPDATE reports SET freq = 1,time_duration = 45 WHERE report_id = 2;
UPDATE reports SET freq = 1,time_duration = 90 WHERE report_id = 3;
UPDATE reports SET freq = 1,time_duration = 45 WHERE report_id = 4;
UPDATE reports SET freq = 1,time_duration = 90 WHERE report_id = 5;
UPDATE reports SET freq = 1,time_duration = 90 WHERE report_id = 6;
UPDATE reports SET freq = 1,time_duration = 90 WHERE report_id = 7;
UPDATE reports SET freq = 1,time_duration = 90 WHERE report_id = 8;
UPDATE reports SET freq = 1,time_duration = 180 WHERE report_id = 9;
UPDATE reports SET freq = 1,time_duration = 180 WHERE report_id = 10;
UPDATE reports SET freq = 1,time_duration = 180 WHERE report_id = 11;
UPDATE reports SET freq = 1,time_duration = 60 WHERE report_id = 12;
UPDATE reports SET freq = 1,time_duration = 60 WHERE report_id = 13;
UPDATE reports SET freq = 1,time_duration = 60 WHERE report_id = 14;
UPDATE reports SET freq = 16,time_duration = 60 WHERE report_id = 15;
UPDATE reports SET freq = 2,time_duration = 5 WHERE report_id = 16;
UPDATE reports SET freq = 1,time_duration = 5 WHERE report_id = 17;
UPDATE reports SET freq = 1,time_duration = 5 WHERE report_id = 18;
UPDATE reports SET freq = 3,time_duration = 30 WHERE report_id = 19;
UPDATE reports SET freq = 2,time_duration = 10 WHERE report_id = 20;
UPDATE reports SET freq = 1,time_duration = 15 WHERE report_id = 21;
UPDATE reports SET freq = 1,time_duration = 15 WHERE report_id = 22;
UPDATE reports SET freq = 1,time_duration = 15 WHERE report_id = 23;
UPDATE reports SET freq = 1,time_duration = 15 WHERE report_id = 24;
UPDATE reports SET freq = 3,time_duration = 15 WHERE report_id = 25;
UPDATE reports SET freq = 3,time_duration = 15 WHERE report_id = 26;
UPDATE reports SET freq = 2,time_duration = 15 WHERE report_id = 27;
UPDATE reports SET freq = 24,time_duration = 5 WHERE report_id = 28;
UPDATE reports SET freq = 4,time_duration = 20 WHERE report_id = 29;
UPDATE reports SET freq = 3,time_duration = 5 WHERE report_id = 30;
UPDATE reports SET freq = 1,time_duration = 20 WHERE report_id = 31;
UPDATE reports SET freq = 2,time_duration = 20 WHERE report_id = 32;
UPDATE reports SET freq = 0,time_duration = 20 WHERE report_id = 33;
UPDATE reports SET freq = 2,time_duration = 15 WHERE report_id = 34;
UPDATE reports SET freq = 1,time_duration = 90 WHERE report_id = 35;
UPDATE reports SET freq = 1,time_duration = 15 WHERE report_id = 36;
UPDATE reports SET freq = 1,time_duration = 60 WHERE report_id = 37;
UPDATE reports SET freq = 1,time_duration = 60 WHERE report_id = 38;
UPDATE reports SET freq = 1,time_duration = 10 WHERE report_id = 39;
UPDATE reports SET freq = 2,time_duration = 10 WHERE report_id = 40;
UPDATE reports SET freq = 1,time_duration = 10 WHERE report_id = 41;
UPDATE reports SET freq = 1,time_duration = 5 WHERE report_id = 42;
UPDATE reports SET freq = 2,time_duration = 5 WHERE report_id = 43;
UPDATE reports SET freq = ,time_duration = 60 WHERE report_id = 44;
UPDATE reports SET freq = 1,time_duration = 15 WHERE report_id = 45;
UPDATE reports SET freq = 1,time_duration = 30 WHERE report_id = 46;
UPDATE reports SET freq = 1,time_duration = 20 WHERE report_id = 47;
UPDATE reports SET freq = 1,time_duration = 20 WHERE report_id = 48;
UPDATE reports SET freq = 1,time_duration = 120 WHERE report_id = 49;
UPDATE reports SET freq = 1,time_duration = 30 WHERE report_id = 50;
UPDATE reports SET freq = 1,time_duration = 30 WHERE report_id = 51;
UPDATE reports SET freq = 1,time_duration = 30 WHERE report_id = 52;
UPDATE reports SET freq = 1,time_duration = 15 WHERE report_id = 53;
UPDATE reports SET freq = 1,time_duration = 15 WHERE report_id = 54;
UPDATE reports SET freq = 1,time_duration = 83 WHERE report_id = 55;
UPDATE reports SET freq = 1,time_duration = 44 WHERE report_id = 56;
UPDATE reports SET freq = 1,time_duration = 94 WHERE report_id = 57;
UPDATE reports SET freq = 1,time_duration = 49 WHERE report_id = 58;
UPDATE reports SET freq = 1,time_duration = 100 WHERE report_id = 59;
UPDATE reports SET freq = 1,time_duration = 99 WHERE report_id = 60;
UPDATE reports SET freq = 1,time_duration = 86 WHERE report_id = 61;
UPDATE reports SET freq = 1,time_duration = 89 WHERE report_id = 62;
UPDATE reports SET freq = 1,time_duration = 198 WHERE report_id = 63;
UPDATE reports SET freq = 1,time_duration = 167 WHERE report_id = 64;
UPDATE reports SET freq = 1,time_duration = 196 WHERE report_id = 65;
UPDATE reports SET freq = 1,time_duration = 64 WHERE report_id = 66;
UPDATE reports SET freq = 1,time_duration = 57 WHERE report_id = 67;
UPDATE reports SET freq = 1,time_duration = 59 WHERE report_id = 68;
UPDATE reports SET freq = 12,time_duration = 58 WHERE report_id = 69;
UPDATE reports SET freq = 2,time_duration = 5 WHERE report_id = 70;
UPDATE reports SET freq = 1,time_duration = 5 WHERE report_id = 71;
UPDATE reports SET freq = 1,time_duration = 5 WHERE report_id = 72;
UPDATE reports SET freq = 3,time_duration = 31 WHERE report_id = 73;
UPDATE reports SET freq = 2,time_duration = 9 WHERE report_id = 74;
UPDATE reports SET freq = 1,time_duration = 16 WHERE report_id = 75;
UPDATE reports SET freq = 2,time_duration = 14 WHERE report_id = 76;
UPDATE reports SET freq = 1,time_duration = 16 WHERE report_id = 77;
UPDATE reports SET freq = 1,time_duration = 15 WHERE report_id = 78;
UPDATE reports SET freq = 3,time_duration = 14 WHERE report_id = 79;
UPDATE reports SET freq = 3,time_duration = 14 WHERE report_id = 80;
UPDATE reports SET freq = 2,time_duration = 16 WHERE report_id = 81;
UPDATE reports SET freq = 24,time_duration = 5 WHERE report_id = 82;
UPDATE reports SET freq = 4,time_duration = 19 WHERE report_id = 83;
UPDATE reports SET freq = 1,time_duration = 5 WHERE report_id = 84;
UPDATE reports SET freq = 1,time_duration = 18 WHERE report_id = 85;
UPDATE reports SET freq = 2,time_duration = 18 WHERE report_id = 86;
UPDATE reports SET freq = 0,time_duration = 20 WHERE report_id = 87;
UPDATE reports SET freq = 2,time_duration = 17 WHERE report_id = 88;
UPDATE reports SET freq = 1,time_duration = 87 WHERE report_id = 89;
UPDATE reports SET freq = 1,time_duration = 15 WHERE report_id = 90;
UPDATE reports SET freq = 1,time_duration = 59 WHERE report_id = 91;
UPDATE reports SET freq = 1,time_duration = 59 WHERE report_id = 92;
UPDATE reports SET freq = 1,time_duration = 11 WHERE report_id = 93;
UPDATE reports SET freq = 2,time_duration = 11 WHERE report_id = 94;
UPDATE reports SET freq = 1,time_duration = 10 WHERE report_id = 95;
UPDATE reports SET freq = 1,time_duration = 6 WHERE report_id = 96;
UPDATE reports SET freq = 2,time_duration = 5 WHERE report_id = 97;
UPDATE reports SET freq = 1,time_duration = 59 WHERE report_id = 98;
UPDATE reports SET freq = 1,time_duration = 16 WHERE report_id = 99;
UPDATE reports SET freq = 1,time_duration = 33 WHERE report_id = 100;
UPDATE reports SET freq = 1,time_duration = 18 WHERE report_id = 101;
UPDATE reports SET freq = 1,time_duration = 21 WHERE report_id = 102;
UPDATE reports SET freq = 1,time_duration = 119 WHERE report_id = 103;
UPDATE reports SET freq = 1,time_duration = 32 WHERE report_id = 104;
UPDATE reports SET freq = 1,time_duration = 27 WHERE report_id = 105;
UPDATE reports SET freq = 1,time_duration = 30 WHERE report_id = 106;
UPDATE reports SET freq = 1,time_duration = 14 WHERE report_id = 107;
UPDATE reports SET freq = 1,time_duration = 14 WHERE report_id = 108;
UPDATE reports SET freq = 1,time_duration = 94 WHERE report_id = 109;
UPDATE reports SET freq = 1,time_duration = 43 WHERE report_id = 110;
UPDATE reports SET freq = 1,time_duration = 93 WHERE report_id = 111;
UPDATE reports SET freq = 1,time_duration = 45 WHERE report_id = 112;
UPDATE reports SET freq = 1,time_duration = 86 WHERE report_id = 113;
UPDATE reports SET freq = 1,time_duration = 90 WHERE report_id = 114;
UPDATE reports SET freq = 1,time_duration = 99 WHERE report_id = 115;
UPDATE reports SET freq = 1,time_duration = 86 WHERE report_id = 116;
UPDATE reports SET freq = 1,time_duration = 187 WHERE report_id = 117;
UPDATE reports SET freq = 1,time_duration = 175 WHERE report_id = 118;
UPDATE reports SET freq = 1,time_duration = 171 WHERE report_id = 119;
UPDATE reports SET freq = 1,time_duration = 58 WHERE report_id = 120;
UPDATE reports SET freq = 1,time_duration = 55 WHERE report_id = 121;
UPDATE reports SET freq = 1,time_duration = 61 WHERE report_id = 122;
UPDATE reports SET freq = 14,time_duration = 64 WHERE report_id = 123;
UPDATE reports SET freq = 2,time_duration = 5 WHERE report_id = 124;
UPDATE reports SET freq = 1,time_duration = 5 WHERE report_id = 125;
UPDATE reports SET freq = 1,time_duration = 5 WHERE report_id = 126;
UPDATE reports SET freq = 3,time_duration = 27 WHERE report_id = 127;
UPDATE reports SET freq = 2,time_duration = 11 WHERE report_id = 128;
UPDATE reports SET freq = 1,time_duration = 16 WHERE report_id = 129;
UPDATE reports SET freq = 1,time_duration = 16 WHERE report_id = 130;
UPDATE reports SET freq = 1,time_duration = 15 WHERE report_id = 131;
UPDATE reports SET freq = 1,time_duration = 17 WHERE report_id = 132;
UPDATE reports SET freq = 3,time_duration = 15 WHERE report_id = 133;
UPDATE reports SET freq = 3,time_duration = 14 WHERE report_id = 134;
UPDATE reports SET freq = 2,time_duration = 15 WHERE report_id = 135;
UPDATE reports SET freq = 24,time_duration = 6 WHERE report_id = 136;
UPDATE reports SET freq = 4,time_duration = 22 WHERE report_id = 137;
UPDATE reports SET freq = 3,time_duration = 6 WHERE report_id = 138;
UPDATE reports SET freq = 1,time_duration = 20 WHERE report_id = 139;
UPDATE reports SET freq = 2,time_duration = 20 WHERE report_id = 140;
UPDATE reports SET freq = 1,time_duration = 22 WHERE report_id = 141;
UPDATE reports SET freq = 2,time_duration = 15 WHERE report_id = 142;
UPDATE reports SET freq = 1,time_duration = 95 WHERE report_id = 143;
UPDATE reports SET freq = 1,time_duration = 16 WHERE report_id = 144;
UPDATE reports SET freq = 1,time_duration = 64 WHERE report_id = 145;
UPDATE reports SET freq = 1,time_duration = 55 WHERE report_id = 146;
UPDATE reports SET freq = 1,time_duration = 9 WHERE report_id = 147;
UPDATE reports SET freq = 1,time_duration = 11 WHERE report_id = 148;
UPDATE reports SET freq = 1,time_duration = 10 WHERE report_id = 149;
UPDATE reports SET freq = 1,time_duration = 6 WHERE report_id = 150;
UPDATE reports SET freq = 1,time_duration = 6 WHERE report_id = 151;
UPDATE reports SET freq = 1,time_duration = 57 WHERE report_id = 152;
UPDATE reports SET freq = 1,time_duration = 14 WHERE report_id = 153;
UPDATE reports SET freq = 1,time_duration = 32 WHERE report_id = 154;
UPDATE reports SET freq = 1,time_duration = 21 WHERE report_id = 155;
UPDATE reports SET freq = 1,time_duration = 22 WHERE report_id = 156;
UPDATE reports SET freq = 1,time_duration = 116 WHERE report_id = 157;
UPDATE reports SET freq = 1,time_duration = 28 WHERE report_id = 158;
UPDATE reports SET freq = 2,time_duration = 29 WHERE report_id = 159;
UPDATE reports SET freq = 1,time_duration = 28 WHERE report_id = 160;
UPDATE reports SET freq = 1,time_duration = 15 WHERE report_id = 161;
UPDATE reports SET freq = 1,time_duration = 17 WHERE report_id = 162;
UPDATE reports SET freq = 1,time_duration = 85 WHERE report_id = 163;
UPDATE reports SET freq = 1,time_duration = 42 WHERE report_id = 164;
UPDATE reports SET freq = 1,time_duration = 92 WHERE report_id = 165;
UPDATE reports SET freq = 1,time_duration = 44 WHERE report_id = 166;
UPDATE reports SET freq = 1,time_duration = 94 WHERE report_id = 167;
UPDATE reports SET freq = 1,time_duration = 99 WHERE report_id = 168;
UPDATE reports SET freq = 1,time_duration = 84 WHERE report_id = 169;
UPDATE reports SET freq = 1,time_duration = 95 WHERE report_id = 170;
UPDATE reports SET freq = 1,time_duration = 166 WHERE report_id = 171;
UPDATE reports SET freq = 1,time_duration = 191 WHERE report_id = 172;
UPDATE reports SET freq = 1,time_duration = 191 WHERE report_id = 173;
UPDATE reports SET freq = 1,time_duration = 64 WHERE report_id = 174;
UPDATE reports SET freq = 1,time_duration = 59 WHERE report_id = 175;
UPDATE reports SET freq = 1,time_duration = 58 WHERE report_id = 176;
UPDATE reports SET freq = 11,time_duration = 59 WHERE report_id = 177;
UPDATE reports SET freq = 2,time_duration = 5 WHERE report_id = 178;
UPDATE reports SET freq = 1,time_duration = 5 WHERE report_id = 179;
UPDATE reports SET freq = 1,time_duration = 5 WHERE report_id = 180;
UPDATE reports SET freq = 3,time_duration = 28 WHERE report_id = 181;
UPDATE reports SET freq = 2,time_duration = 10 WHERE report_id = 182;
UPDATE reports SET freq = 1,time_duration = 16 WHERE report_id = 183;
UPDATE reports SET freq = 2,time_duration = 14 WHERE report_id = 184;
UPDATE reports SET freq = 1,time_duration = 16 WHERE report_id = 185;
UPDATE reports SET freq = 1,time_duration = 14 WHERE report_id = 186;
UPDATE reports SET freq = 3,time_duration = 15 WHERE report_id = 187;
UPDATE reports SET freq = 3,time_duration = 15 WHERE report_id = 188;
UPDATE reports SET freq = 2,time_duration = 17 WHERE report_id = 189;
UPDATE reports SET freq = 24,time_duration = 5 WHERE report_id = 190;
UPDATE reports SET freq = 4,time_duration = 21 WHERE report_id = 191;
UPDATE reports SET freq = 3,time_duration = 5 WHERE report_id = 192;
UPDATE reports SET freq = 1,time_duration = 19 WHERE report_id = 193;
UPDATE reports SET freq = 2,time_duration = 20 WHERE report_id = 194;
UPDATE reports SET freq = 0,time_duration = 18 WHERE report_id = 195;
UPDATE reports SET freq = 2,time_duration = 15 WHERE report_id = 196;
UPDATE reports SET freq = 1,time_duration = 94 WHERE report_id = 197;
UPDATE reports SET freq = 1,time_duration = 17 WHERE report_id = 198;
UPDATE reports SET freq = 1,time_duration = 56 WHERE report_id = 199;
UPDATE reports SET freq = 1,time_duration = 64 WHERE report_id = 200;
UPDATE reports SET freq = 1,time_duration = 9 WHERE report_id = 201;
UPDATE reports SET freq = 1,time_duration = 10 WHERE report_id = 202;
UPDATE reports SET freq = 1,time_duration = 10 WHERE report_id = 203;
UPDATE reports SET freq = 1,time_duration = 5 WHERE report_id = 204;
UPDATE reports SET freq = 1,time_duration = 5 WHERE report_id = 205;
UPDATE reports SET freq = 1,time_duration = 65 WHERE report_id = 206;
UPDATE reports SET freq = 1,time_duration = 15 WHERE report_id = 207;
UPDATE reports SET freq = 1,time_duration = 30 WHERE report_id = 208;
UPDATE reports SET freq = 1,time_duration = 19 WHERE report_id = 209;
UPDATE reports SET freq = 1,time_duration = 21 WHERE report_id = 210;
UPDATE reports SET freq = 1,time_duration = 119 WHERE report_id = 211;
UPDATE reports SET freq = 1,time_duration = 33 WHERE report_id = 212;
UPDATE reports SET freq = 1,time_duration = 28 WHERE report_id = 213;
UPDATE reports SET freq = 1,time_duration = 33 WHERE report_id = 214;
UPDATE reports SET freq = 1,time_duration = 16 WHERE report_id = 215;
UPDATE reports SET freq = 1,time_duration = 15 WHERE report_id = 216;
UPDATE reports SET freq = 1,time_duration = 85 WHERE report_id = 217;
UPDATE reports SET freq = 1,time_duration = 44 WHERE report_id = 218;
UPDATE reports SET freq = 1,time_duration = 89 WHERE report_id = 219;
UPDATE reports SET freq = 1,time_duration = 43 WHERE report_id = 220;
UPDATE reports SET freq = 1,time_duration = 97 WHERE report_id = 221;
UPDATE reports SET freq = 1,time_duration = 100 WHERE report_id = 222;
UPDATE reports SET freq = 1,time_duration = 94 WHERE report_id = 223;
UPDATE reports SET freq = 1,time_duration = 95 WHERE report_id = 224;
UPDATE reports SET freq = 1,time_duration = 169 WHERE report_id = 225;
UPDATE reports SET freq = 1,time_duration = 169 WHERE report_id = 226;
UPDATE reports SET freq = 1,time_duration = 173 WHERE report_id = 227;
UPDATE reports SET freq = 1,time_duration = 59 WHERE report_id = 228;
UPDATE reports SET freq = 1,time_duration = 56 WHERE report_id = 229;
UPDATE reports SET freq = 1,time_duration = 62 WHERE report_id = 230;
UPDATE reports SET freq = 15,time_duration = 60 WHERE report_id = 231;
UPDATE reports SET freq = 2,time_duration = 5 WHERE report_id = 232;
UPDATE reports SET freq = 1,time_duration = 5 WHERE report_id = 233;
UPDATE reports SET freq = 1,time_duration = 5 WHERE report_id = 234;
UPDATE reports SET freq = 3,time_duration = 29 WHERE report_id = 235;
UPDATE reports SET freq = 2,time_duration = 10 WHERE report_id = 236;
UPDATE reports SET freq = 1,time_duration = 14 WHERE report_id = 237;
UPDATE reports SET freq = 1,time_duration = 15 WHERE report_id = 238;
UPDATE reports SET freq = 1,time_duration = 17 WHERE report_id = 239;
UPDATE reports SET freq = 1,time_duration = 17 WHERE report_id = 240;
UPDATE reports SET freq = 3,time_duration = 14 WHERE report_id = 241;
UPDATE reports SET freq = 3,time_duration = 16 WHERE report_id = 242;
UPDATE reports SET freq = 2,time_duration = 17 WHERE report_id = 243;
UPDATE reports SET freq = 24,time_duration = 5 WHERE report_id = 244;
UPDATE reports SET freq = 4,time_duration = 20 WHERE report_id = 245;
UPDATE reports SET freq = 3,time_duration = 5 WHERE report_id = 246;
UPDATE reports SET freq = 1,time_duration = 22 WHERE report_id = 247;
UPDATE reports SET freq = 2,time_duration = 19 WHERE report_id = 248;
UPDATE reports SET freq = 0,time_duration = 21 WHERE report_id = 249;
UPDATE reports SET freq = 2,time_duration = 15 WHERE report_id = 250;
UPDATE reports SET freq = 1,time_duration = 97 WHERE report_id = 251;
UPDATE reports SET freq = 1,time_duration = 15 WHERE report_id = 252;
UPDATE reports SET freq = 1,time_duration = 65 WHERE report_id = 253;
UPDATE reports SET freq = 1,time_duration = 64 WHERE report_id = 254;
UPDATE reports SET freq = 1,time_duration = 10 WHERE report_id = 255;
UPDATE reports SET freq = 1,time_duration = 11 WHERE report_id = 256;
UPDATE reports SET freq = 1,time_duration = 11 WHERE report_id = 257;
UPDATE reports SET freq = 1,time_duration = 5 WHERE report_id = 258;
UPDATE reports SET freq = 1,time_duration = 5 WHERE report_id = 259;
UPDATE reports SET freq = 1,time_duration = 58 WHERE report_id = 260;
UPDATE reports SET freq = 1,time_duration = 17 WHERE report_id = 261;
UPDATE reports SET freq = 1,time_duration = 33 WHERE report_id = 262;
UPDATE reports SET freq = 1,time_duration = 20 WHERE report_id = 263;
UPDATE reports SET freq = 1,time_duration = 22 WHERE report_id = 264;
UPDATE reports SET freq = 1,time_duration = 115 WHERE report_id = 265;
UPDATE reports SET freq = 1,time_duration = 30 WHERE report_id = 266;
UPDATE reports SET freq = 1,time_duration = 33 WHERE report_id = 267;
UPDATE reports SET freq = 1,time_duration = 30 WHERE report_id = 268;
UPDATE reports SET freq = 1,time_duration = 14 WHERE report_id = 269;
UPDATE reports SET freq = 1,time_duration = 14 WHERE report_id = 270;
UPDATE reports SET freq = 1,time_duration = 91 WHERE report_id = 271;
UPDATE reports SET freq = 1,time_duration = 43 WHERE report_id = 272;
UPDATE reports SET freq = 1,time_duration = 81 WHERE report_id = 273;
UPDATE reports SET freq = 1,time_duration = 42 WHERE report_id = 274;
UPDATE reports SET freq = 1,time_duration = 86 WHERE report_id = 275;
UPDATE reports SET freq = 1,time_duration = 93 WHERE report_id = 276;
UPDATE reports SET freq = 1,time_duration = 88 WHERE report_id = 277;
UPDATE reports SET freq = 1,time_duration = 81 WHERE report_id = 278;
UPDATE reports SET freq = 1,time_duration = 180 WHERE report_id = 279;
UPDATE reports SET freq = 1,time_duration = 191 WHERE report_id = 280;
UPDATE reports SET freq = 1,time_duration = 182 WHERE report_id = 281;
UPDATE reports SET freq = 1,time_duration = 65 WHERE report_id = 282;
UPDATE reports SET freq = 1,time_duration = 55 WHERE report_id = 283;
UPDATE reports SET freq = 1,time_duration = 61 WHERE report_id = 284;
UPDATE reports SET freq = 17,time_duration = 64 WHERE report_id = 285;
UPDATE reports SET freq = 2,time_duration = 5 WHERE report_id = 286;
UPDATE reports SET freq = 1,time_duration = 5 WHERE report_id = 287;
UPDATE reports SET freq = 1,time_duration = 5 WHERE report_id = 288;
UPDATE reports SET freq = 3,time_duration = 30 WHERE report_id = 289;
UPDATE reports SET freq = 2,time_duration = 9 WHERE report_id = 290;
UPDATE reports SET freq = 1,time_duration = 16 WHERE report_id = 291;
UPDATE reports SET freq = 1,time_duration = 14 WHERE report_id = 292;
UPDATE reports SET freq = 1,time_duration = 16 WHERE report_id = 293;
UPDATE reports SET freq = 1,time_duration = 16 WHERE report_id = 294;
UPDATE reports SET freq = 3,time_duration = 15 WHERE report_id = 295;
UPDATE reports SET freq = 3,time_duration = 15 WHERE report_id = 296;
UPDATE reports SET freq = 2,time_duration = 16 WHERE report_id = 297;
UPDATE reports SET freq = 24,time_duration = 6 WHERE report_id = 298;
UPDATE reports SET freq = 4,time_duration = 21 WHERE report_id = 299;
UPDATE reports SET freq = 3,time_duration = 5 WHERE report_id = 300;
UPDATE reports SET freq = 1,time_duration = 22 WHERE report_id = 301;
UPDATE reports SET freq = 2,time_duration = 20 WHERE report_id = 302;
UPDATE reports SET freq = 0,time_duration = 20 WHERE report_id = 303;
UPDATE reports SET freq = 2,time_duration = 14 WHERE report_id = 304;
UPDATE reports SET freq = 1,time_duration = 93 WHERE report_id = 305;
UPDATE reports SET freq = 1,time_duration = 16 WHERE report_id = 306;
UPDATE reports SET freq = 1,time_duration = 57 WHERE report_id = 307;
UPDATE reports SET freq = 1,time_duration = 61 WHERE report_id = 308;
UPDATE reports SET freq = 1,time_duration = 11 WHERE report_id = 309;
UPDATE reports SET freq = 1,time_duration = 10 WHERE report_id = 310;
UPDATE reports SET freq = 1,time_duration = 9 WHERE report_id = 311;
UPDATE reports SET freq = 1,time_duration = 5 WHERE report_id = 312;
UPDATE reports SET freq = 1,time_duration = 5 WHERE report_id = 313;
UPDATE reports SET freq = 1,time_duration = 62 WHERE report_id = 314;
UPDATE reports SET freq = 1,time_duration = 16 WHERE report_id = 315;
UPDATE reports SET freq = 1,time_duration = 27 WHERE report_id = 316;
UPDATE reports SET freq = 1,time_duration = 18 WHERE report_id = 317;
UPDATE reports SET freq = 1,time_duration = 20 WHERE report_id = 318;
UPDATE reports SET freq = 1,time_duration = 113 WHERE report_id = 319;
UPDATE reports SET freq = 1,time_duration = 29 WHERE report_id = 320;
UPDATE reports SET freq = 1,time_duration = 32 WHERE report_id = 321;
UPDATE reports SET freq = 1,time_duration = 33 WHERE report_id = 322;
UPDATE reports SET freq = 1,time_duration = 15 WHERE report_id = 323;
UPDATE reports SET freq = 1,time_duration = 16 WHERE report_id = 324;
UPDATE reports SET freq = 1,time_duration = 95 WHERE report_id = 325;
UPDATE reports SET freq = 1,time_duration = 46 WHERE report_id = 326;
UPDATE reports SET freq = 1,time_duration = 96 WHERE report_id = 327;
UPDATE reports SET freq = 1,time_duration = 41 WHERE report_id = 328;
UPDATE reports SET freq = 1,time_duration = 93 WHERE report_id = 329;
UPDATE reports SET freq = 1,time_duration = 93 WHERE report_id = 330;
UPDATE reports SET freq = 1,time_duration = 86 WHERE report_id = 331;
UPDATE reports SET freq = 1,time_duration = 84 WHERE report_id = 332;
UPDATE reports SET freq = 1,time_duration = 176 WHERE report_id = 333;
UPDATE reports SET freq = 1,time_duration = 194 WHERE report_id = 334;
UPDATE reports SET freq = 1,time_duration = 191 WHERE report_id = 335;
UPDATE reports SET freq = 1,time_duration = 60 WHERE report_id = 336;
UPDATE reports SET freq = 1,time_duration = 56 WHERE report_id = 337;
UPDATE reports SET freq = 1,time_duration = 58 WHERE report_id = 338;
UPDATE reports SET freq = 19,time_duration = 65 WHERE report_id = 339;
UPDATE reports SET freq = 2,time_duration = 5 WHERE report_id = 340;
UPDATE reports SET freq = 1,time_duration = 5 WHERE report_id = 341;
UPDATE reports SET freq = 1,time_duration = 5 WHERE report_id = 342;
UPDATE reports SET freq = 3,time_duration = 29 WHERE report_id = 343;
UPDATE reports SET freq = 2,time_duration = 9 WHERE report_id = 344;
UPDATE reports SET freq = 1,time_duration = 16 WHERE report_id = 345;
UPDATE reports SET freq = 1,time_duration = 14 WHERE report_id = 346;
UPDATE reports SET freq = 1,time_duration = 15 WHERE report_id = 347;
UPDATE reports SET freq = 1,time_duration = 17 WHERE report_id = 348;
UPDATE reports SET freq = 3,time_duration = 15 WHERE report_id = 349;
UPDATE reports SET freq = 3,time_duration = 14 WHERE report_id = 350;
UPDATE reports SET freq = 2,time_duration = 14 WHERE report_id = 351;
UPDATE reports SET freq = 24,time_duration = 5 WHERE report_id = 352;
UPDATE reports SET freq = 4,time_duration = 21 WHERE report_id = 353;
UPDATE reports SET freq = 3,time_duration = 5 WHERE report_id = 354;
UPDATE reports SET freq = 1,time_duration = 18 WHERE report_id = 355;
UPDATE reports SET freq = 2,time_duration = 21 WHERE report_id = 356;
UPDATE reports SET freq = 0,time_duration = 18 WHERE report_id = 357;
UPDATE reports SET freq = 2,time_duration = 16 WHERE report_id = 358;
UPDATE reports SET freq = 1,time_duration = 86 WHERE report_id = 359;
UPDATE reports SET freq = 1,time_duration = 14 WHERE report_id = 360;
UPDATE reports SET freq = 1,time_duration = 56 WHERE report_id = 361;
UPDATE reports SET freq = 1,time_duration = 64 WHERE report_id = 362;
UPDATE reports SET freq = 1,time_duration = 10 WHERE report_id = 363;
UPDATE reports SET freq = 1,time_duration = 10 WHERE report_id = 364;
UPDATE reports SET freq = 1,time_duration = 11 WHERE report_id = 365;
UPDATE reports SET freq = 1,time_duration = 5 WHERE report_id = 366;
UPDATE reports SET freq = 1,time_duration = 5 WHERE report_id = 367;
UPDATE reports SET freq = 1,time_duration = 62 WHERE report_id = 368;
UPDATE reports SET freq = 1,time_duration = 15 WHERE report_id = 369;
UPDATE reports SET freq = 1,time_duration = 30 WHERE report_id = 370;
UPDATE reports SET freq = 1,time_duration = 18 WHERE report_id = 371;
UPDATE reports SET freq = 1,time_duration = 20 WHERE report_id = 372;
UPDATE reports SET freq = 1,time_duration = 128 WHERE report_id = 373;
UPDATE reports SET freq = 1,time_duration = 32 WHERE report_id = 374;
UPDATE reports SET freq = 1,time_duration = 29 WHERE report_id = 375;
UPDATE reports SET freq = 1,time_duration = 28 WHERE report_id = 376;
UPDATE reports SET freq = 1,time_duration = 16 WHERE report_id = 377;
UPDATE reports SET freq = 1,time_duration = 16 WHERE report_id = 378;
UPDATE reports SET freq = 1,time_duration = 89 WHERE report_id = 379;
UPDATE reports SET freq = 1,time_duration = 49 WHERE report_id = 380;
UPDATE reports SET freq = 1,time_duration = 90 WHERE report_id = 381;
UPDATE reports SET freq = 1,time_duration = 46 WHERE report_id = 382;
UPDATE reports SET freq = 1,time_duration = 88 WHERE report_id = 383;
UPDATE reports SET freq = 1,time_duration = 87 WHERE report_id = 384;
UPDATE reports SET freq = 1,time_duration = 94 WHERE report_id = 385;
UPDATE reports SET freq = 1,time_duration = 90 WHERE report_id = 386;
UPDATE reports SET freq = 1,time_duration = 182 WHERE report_id = 387;
UPDATE reports SET freq = 1,time_duration = 171 WHERE report_id = 388;
UPDATE reports SET freq = 1,time_duration = 176 WHERE report_id = 389;
UPDATE reports SET freq = 1,time_duration = 64 WHERE report_id = 390;
UPDATE reports SET freq = 1,time_duration = 56 WHERE report_id = 391;
UPDATE reports SET freq = 1,time_duration = 64 WHERE report_id = 392;
UPDATE reports SET freq = 11,time_duration = 59 WHERE report_id = 393;
UPDATE reports SET freq = 2,time_duration = 5 WHERE report_id = 394;
UPDATE reports SET freq = 1,time_duration = 5 WHERE report_id = 395;
UPDATE reports SET freq = 1,time_duration = 5 WHERE report_id = 396;
UPDATE reports SET freq = 3,time_duration = 33 WHERE report_id = 397;
UPDATE reports SET freq = 2,time_duration = 10 WHERE report_id = 398;
UPDATE reports SET freq = 1,time_duration = 15 WHERE report_id = 399;
UPDATE reports SET freq = 1,time_duration = 14 WHERE report_id = 400;
UPDATE reports SET freq = 1,time_duration = 14 WHERE report_id = 401;
UPDATE reports SET freq = 1,time_duration = 15 WHERE report_id = 402;
UPDATE reports SET freq = 3,time_duration = 16 WHERE report_id = 403;
UPDATE reports SET freq = 3,time_duration = 16 WHERE report_id = 404;
UPDATE reports SET freq = 2,time_duration = 16 WHERE report_id = 405;
UPDATE reports SET freq = 24,time_duration = 5 WHERE report_id = 406;
UPDATE reports SET freq = 4,time_duration = 22 WHERE report_id = 407;
UPDATE reports SET freq = 3,time_duration = 5 WHERE report_id = 408;
UPDATE reports SET freq = 1,time_duration = 18 WHERE report_id = 409;
UPDATE reports SET freq = 2,time_duration = 19 WHERE report_id = 410;
UPDATE reports SET freq = 0,time_duration = 22 WHERE report_id = 411;
UPDATE reports SET freq = 2,time_duration = 16 WHERE report_id = 412;
UPDATE reports SET freq = 1,time_duration = 89 WHERE report_id = 413;
UPDATE reports SET freq = 1,time_duration = 16 WHERE report_id = 414;
UPDATE reports SET freq = 1,time_duration = 59 WHERE report_id = 415;
UPDATE reports SET freq = 1,time_duration = 65 WHERE report_id = 416;
UPDATE reports SET freq = 1,time_duration = 10 WHERE report_id = 417;
UPDATE reports SET freq = 1,time_duration = 11 WHERE report_id = 418;
UPDATE reports SET freq = 1,time_duration = 10 WHERE report_id = 419;
UPDATE reports SET freq = 1,time_duration = 5 WHERE report_id = 420;
UPDATE reports SET freq = 1,time_duration = 5 WHERE report_id = 421;
UPDATE reports SET freq = 1,time_duration = 56 WHERE report_id = 422;
UPDATE reports SET freq = 1,time_duration = 16 WHERE report_id = 423;
UPDATE reports SET freq = 1,time_duration = 30 WHERE report_id = 424;
UPDATE reports SET freq = 1,time_duration = 18 WHERE report_id = 425;
UPDATE reports SET freq = 1,time_duration = 22 WHERE report_id = 426;
UPDATE reports SET freq = 1,time_duration = 116 WHERE report_id = 427;
UPDATE reports SET freq = 1,time_duration = 28 WHERE report_id = 428;
UPDATE reports SET freq = 1,time_duration = 27 WHERE report_id = 429;
UPDATE reports SET freq = 1,time_duration = 32 WHERE report_id = 430;
UPDATE reports SET freq = 1,time_duration = 14 WHERE report_id = 431;
UPDATE reports SET freq = 1,time_duration = 14 WHERE report_id = 432;
UPDATE reports SET freq = 1,time_duration = 100 WHERE report_id = 433;
UPDATE reports SET freq = 1,time_duration = 44 WHERE report_id = 434;
UPDATE reports SET freq = 1,time_duration = 84 WHERE report_id = 435;
UPDATE reports SET freq = 1,time_duration = 45 WHERE report_id = 436;
UPDATE reports SET freq = 1,time_duration = 97 WHERE report_id = 437;
UPDATE reports SET freq = 1,time_duration = 98 WHERE report_id = 438;
UPDATE reports SET freq = 1,time_duration = 89 WHERE report_id = 439;
UPDATE reports SET freq = 1,time_duration = 95 WHERE report_id = 440;
UPDATE reports SET freq = 1,time_duration = 196 WHERE report_id = 441;
UPDATE reports SET freq = 1,time_duration = 189 WHERE report_id = 442;
UPDATE reports SET freq = 1,time_duration = 178 WHERE report_id = 443;
UPDATE reports SET freq = 1,time_duration = 64 WHERE report_id = 444;
UPDATE reports SET freq = 1,time_duration = 62 WHERE report_id = 445;
UPDATE reports SET freq = 1,time_duration = 54 WHERE report_id = 446;
UPDATE reports SET freq = 13,time_duration = 60 WHERE report_id = 447;
UPDATE reports SET freq = 2,time_duration = 5 WHERE report_id = 448;
UPDATE reports SET freq = 1,time_duration = 5 WHERE report_id = 449;
UPDATE reports SET freq = 1,time_duration = 6 WHERE report_id = 450;
UPDATE reports SET freq = 3,time_duration = 31 WHERE report_id = 451;
UPDATE reports SET freq = 2,time_duration = 9 WHERE report_id = 452;
UPDATE reports SET freq = 1,time_duration = 14 WHERE report_id = 453;
UPDATE reports SET freq = 1,time_duration = 17 WHERE report_id = 454;
UPDATE reports SET freq = 1,time_duration = 14 WHERE report_id = 455;
UPDATE reports SET freq = 1,time_duration = 16 WHERE report_id = 456;
UPDATE reports SET freq = 3,time_duration = 16 WHERE report_id = 457;
UPDATE reports SET freq = 3,time_duration = 16 WHERE report_id = 458;
UPDATE reports SET freq = 2,time_duration = 15 WHERE report_id = 459;
UPDATE reports SET freq = 24,time_duration = 5 WHERE report_id = 460;
UPDATE reports SET freq = 4,time_duration = 19 WHERE report_id = 461;
UPDATE reports SET freq = 3,time_duration = 5 WHERE report_id = 462;
UPDATE reports SET freq = 1,time_duration = 20 WHERE report_id = 463;
UPDATE reports SET freq = 2,time_duration = 19 WHERE report_id = 464;
UPDATE reports SET freq = 0,time_duration = 20 WHERE report_id = 465;
UPDATE reports SET freq = 2,time_duration = 15 WHERE report_id = 466;
UPDATE reports SET freq = 1,time_duration = 95 WHERE report_id = 467;
UPDATE reports SET freq = 1,time_duration = 17 WHERE report_id = 468;
UPDATE reports SET freq = 1,time_duration = 61 WHERE report_id = 469;
UPDATE reports SET freq = 1,time_duration = 59 WHERE report_id = 470;
UPDATE reports SET freq = 1,time_duration = 10 WHERE report_id = 471;
UPDATE reports SET freq = 1,time_duration = 10 WHERE report_id = 472;
UPDATE reports SET freq = 1,time_duration = 11 WHERE report_id = 473;
UPDATE reports SET freq = 1,time_duration = 5 WHERE report_id = 474;
UPDATE reports SET freq = 1,time_duration = 5 WHERE report_id = 475;
UPDATE reports SET freq = 1,time_duration = 56 WHERE report_id = 476;
UPDATE reports SET freq = 1,time_duration = 16 WHERE report_id = 477;
UPDATE reports SET freq = 1,time_duration = 27 WHERE report_id = 478;
UPDATE reports SET freq = 1,time_duration = 20 WHERE report_id = 479;
UPDATE reports SET freq = 1,time_duration = 21 WHERE report_id = 480;
UPDATE reports SET freq = 1,time_duration = 128 WHERE report_id = 481;
UPDATE reports SET freq = 1,time_duration = 27 WHERE report_id = 482;
UPDATE reports SET freq = 1,time_duration = 31 WHERE report_id = 483;
UPDATE reports SET freq = 1,time_duration = 32 WHERE report_id = 484;
UPDATE reports SET freq = 1,time_duration = 16 WHERE report_id = 485;
UPDATE reports SET freq = 1,time_duration = 14 WHERE report_id = 486;
UPDATE reports SET freq = 1,time_duration = 93 WHERE report_id = 487;
UPDATE reports SET freq = 1,time_duration = 48 WHERE report_id = 488;
UPDATE reports SET freq = 1,time_duration = 86 WHERE report_id = 489;
UPDATE reports SET freq = 1,time_duration = 50 WHERE report_id = 490;
UPDATE reports SET freq = 1,time_duration = 95 WHERE report_id = 491;
UPDATE reports SET freq = 1,time_duration = 86 WHERE report_id = 492;
UPDATE reports SET freq = 1,time_duration = 88 WHERE report_id = 493;
UPDATE reports SET freq = 1,time_duration = 89 WHERE report_id = 494;
UPDATE reports SET freq = 1,time_duration = 167 WHERE report_id = 495;
UPDATE reports SET freq = 1,time_duration = 189 WHERE report_id = 496;
UPDATE reports SET freq = 1,time_duration = 200 WHERE report_id = 497;
UPDATE reports SET freq = 1,time_duration = 55 WHERE report_id = 498;
UPDATE reports SET freq = 1,time_duration = 64 WHERE report_id = 499;
UPDATE reports SET freq = 1,time_duration = 56 WHERE report_id = 500;
UPDATE reports SET freq = 17,time_duration = 62 WHERE report_id = 501;
UPDATE reports SET freq = 2,time_duration = 6 WHERE report_id = 502;
UPDATE reports SET freq = 1,time_duration = 5 WHERE report_id = 503;
UPDATE reports SET freq = 1,time_duration = 5 WHERE report_id = 504;
UPDATE reports SET freq = 3,time_duration = 29 WHERE report_id = 505;
UPDATE reports SET freq = 2,time_duration = 10 WHERE report_id = 506;
UPDATE reports SET freq = 1,time_duration = 17 WHERE report_id = 507;
UPDATE reports SET freq = 1,time_duration = 17 WHERE report_id = 508;
UPDATE reports SET freq = 1,time_duration = 15 WHERE report_id = 509;
UPDATE reports SET freq = 1,time_duration = 16 WHERE report_id = 510;
UPDATE reports SET freq = 3,time_duration = 16 WHERE report_id = 511;
UPDATE reports SET freq = 3,time_duration = 14 WHERE report_id = 512;
UPDATE reports SET freq = 2,time_duration = 15 WHERE report_id = 513;
UPDATE reports SET freq = 24,time_duration = 5 WHERE report_id = 514;
UPDATE reports SET freq = 4,time_duration = 19 WHERE report_id = 515;
UPDATE reports SET freq = 3,time_duration = 5 WHERE report_id = 516;
UPDATE reports SET freq = 1,time_duration = 22 WHERE report_id = 517;
UPDATE reports SET freq = 2,time_duration = 22 WHERE report_id = 518;
UPDATE reports SET freq = 0,time_duration = 22 WHERE report_id = 519;
UPDATE reports SET freq = 2,time_duration = 14 WHERE report_id = 520;
UPDATE reports SET freq = 1,time_duration = 97 WHERE report_id = 521;
UPDATE reports SET freq = 1,time_duration = 14 WHERE report_id = 522;
UPDATE reports SET freq = 1,time_duration = 63 WHERE report_id = 523;
UPDATE reports SET freq = 1,time_duration = 62 WHERE report_id = 524;
UPDATE reports SET freq = 1,time_duration = 9 WHERE report_id = 525;
UPDATE reports SET freq = 1,time_duration = 11 WHERE report_id = 526;
UPDATE reports SET freq = 1,time_duration = 11 WHERE report_id = 527;
UPDATE reports SET freq = 1,time_duration = 5 WHERE report_id = 528;
UPDATE reports SET freq = 1,time_duration = 5 WHERE report_id = 529;
UPDATE reports SET freq = 1,time_duration = 55 WHERE report_id = 530;
UPDATE reports SET freq = 1,time_duration = 15 WHERE report_id = 531;
UPDATE reports SET freq = 1,time_duration = 33 WHERE report_id = 532;
UPDATE reports SET freq = 1,time_duration = 21 WHERE report_id = 533;
UPDATE reports SET freq = 1,time_duration = 22 WHERE report_id = 534;
UPDATE reports SET freq = 1,time_duration = 132 WHERE report_id = 535;
UPDATE reports SET freq = 1,time_duration = 29 WHERE report_id = 536;
UPDATE reports SET freq = 1,time_duration = 28 WHERE report_id = 537;
UPDATE reports SET freq = 1,time_duration = 30 WHERE report_id = 538;
UPDATE reports SET freq = 1,time_duration = 15 WHERE report_id = 539;
UPDATE reports SET freq = 1,time_duration = 14 WHERE report_id = 540;
UPDATE reports SET freq = 1,time_duration = 86 WHERE report_id = 541;
UPDATE reports SET freq = 1,time_duration = 48 WHERE report_id = 542;
UPDATE reports SET freq = 1,time_duration = 81 WHERE report_id = 543;
UPDATE reports SET freq = 1,time_duration = 42 WHERE report_id = 544;
UPDATE reports SET freq = 1,time_duration = 88 WHERE report_id = 545;
UPDATE reports SET freq = 1,time_duration = 98 WHERE report_id = 546;
UPDATE reports SET freq = 1,time_duration = 92 WHERE report_id = 547;
UPDATE reports SET freq = 1,time_duration = 98 WHERE report_id = 548;
UPDATE reports SET freq = 1,time_duration = 173 WHERE report_id = 549;
UPDATE reports SET freq = 1,time_duration = 185 WHERE report_id = 550;
UPDATE reports SET freq = 1,time_duration = 198 WHERE report_id = 551;
UPDATE reports SET freq = 1,time_duration = 61 WHERE report_id = 552;
UPDATE reports SET freq = 1,time_duration = 59 WHERE report_id = 553;
UPDATE reports SET freq = 1,time_duration = 55 WHERE report_id = 554;
UPDATE reports SET freq = 17,time_duration = 58 WHERE report_id = 555;
UPDATE reports SET freq = 2,time_duration = 5 WHERE report_id = 556;
UPDATE reports SET freq = 1,time_duration = 5 WHERE report_id = 557;
UPDATE reports SET freq = 1,time_duration = 5 WHERE report_id = 558;
UPDATE reports SET freq = 3,time_duration = 32 WHERE report_id = 559;
UPDATE reports SET freq = 2,time_duration = 10 WHERE report_id = 560;
UPDATE reports SET freq = 1,time_duration = 14 WHERE report_id = 561;
UPDATE reports SET freq = 1,time_duration = 14 WHERE report_id = 562;
UPDATE reports SET freq = 1,time_duration = 16 WHERE report_id = 563;
UPDATE reports SET freq = 1,time_duration = 14 WHERE report_id = 564;
UPDATE reports SET freq = 3,time_duration = 15 WHERE report_id = 565;
UPDATE reports SET freq = 3,time_duration = 14 WHERE report_id = 566;
UPDATE reports SET freq = 2,time_duration = 15 WHERE report_id = 567;
UPDATE reports SET freq = 24,time_duration = 5 WHERE report_id = 568;
UPDATE reports SET freq = 4,time_duration = 20 WHERE report_id = 569;
UPDATE reports SET freq = 3,time_duration = 5 WHERE report_id = 570;
UPDATE reports SET freq = 1,time_duration = 21 WHERE report_id = 571;
UPDATE reports SET freq = 2,time_duration = 20 WHERE report_id = 572;
UPDATE reports SET freq = 0,time_duration = 19 WHERE report_id = 573;
UPDATE reports SET freq = 2,time_duration = 17 WHERE report_id = 574;
UPDATE reports SET freq = 1,time_duration = 95 WHERE report_id = 575;
UPDATE reports SET freq = 1,time_duration = 16 WHERE report_id = 576;
UPDATE reports SET freq = 1,time_duration = 64 WHERE report_id = 577;
UPDATE reports SET freq = 1,time_duration = 64 WHERE report_id = 578;
UPDATE reports SET freq = 1,time_duration = 10 WHERE report_id = 579;
UPDATE reports SET freq = 1,time_duration = 10 WHERE report_id = 580;
UPDATE reports SET freq = 1,time_duration = 11 WHERE report_id = 581;
UPDATE reports SET freq = 1,time_duration = 5 WHERE report_id = 582;
UPDATE reports SET freq = 1,time_duration = 5 WHERE report_id = 583;
UPDATE reports SET freq = 1,time_duration = 56 WHERE report_id = 584;
UPDATE reports SET freq = 1,time_duration = 16 WHERE report_id = 585;
UPDATE reports SET freq = 1,time_duration = 29 WHERE report_id = 586;
UPDATE reports SET freq = 1,time_duration = 19 WHERE report_id = 587;
UPDATE reports SET freq = 1,time_duration = 21 WHERE report_id = 588;
UPDATE reports SET freq = 1,time_duration = 120 WHERE report_id = 589;
UPDATE reports SET freq = 1,time_duration = 31 WHERE report_id = 590;
UPDATE reports SET freq = 1,time_duration = 32 WHERE report_id = 591;
UPDATE reports SET freq = 1,time_duration = 30 WHERE report_id = 592;
UPDATE reports SET freq = 1,time_duration = 15 WHERE report_id = 593;
UPDATE reports SET freq = 1,time_duration = 14 WHERE report_id = 594;
UPDATE reports SET freq = 1,time_duration = 95 WHERE report_id = 595;
UPDATE reports SET freq = 1,time_duration = 49 WHERE report_id = 596;
UPDATE reports SET freq = 1,time_duration = 96 WHERE report_id = 597;
UPDATE reports SET freq = 1,time_duration = 45 WHERE report_id = 598;
UPDATE reports SET freq = 1,time_duration = 98 WHERE report_id = 599;
UPDATE reports SET freq = 1,time_duration = 94 WHERE report_id = 600;
UPDATE reports SET freq = 1,time_duration = 85 WHERE report_id = 601;
UPDATE reports SET freq = 1,time_duration = 86 WHERE report_id = 602;
UPDATE reports SET freq = 1,time_duration = 166 WHERE report_id = 603;
UPDATE reports SET freq = 1,time_duration = 173 WHERE report_id = 604;
UPDATE reports SET freq = 1,time_duration = 198 WHERE report_id = 605;
UPDATE reports SET freq = 1,time_duration = 64 WHERE report_id = 606;
UPDATE reports SET freq = 1,time_duration = 61 WHERE report_id = 607;
UPDATE reports SET freq = 1,time_duration = 56 WHERE report_id = 608;
UPDATE reports SET freq = 16,time_duration = 62 WHERE report_id = 609;
UPDATE reports SET freq = 2,time_duration = 5 WHERE report_id = 610;
UPDATE reports SET freq = 1,time_duration = 5 WHERE report_id = 611;
UPDATE reports SET freq = 1,time_duration = 5 WHERE report_id = 612;
UPDATE reports SET freq = 3,time_duration = 27 WHERE report_id = 613;
UPDATE reports SET freq = 2,time_duration = 11 WHERE report_id = 614;
UPDATE reports SET freq = 1,time_duration = 14 WHERE report_id = 615;
UPDATE reports SET freq = 1,time_duration = 15 WHERE report_id = 616;
UPDATE reports SET freq = 1,time_duration = 15 WHERE report_id = 617;
UPDATE reports SET freq = 1,time_duration = 17 WHERE report_id = 618;
UPDATE reports SET freq = 3,time_duration = 15 WHERE report_id = 619;
UPDATE reports SET freq = 3,time_duration = 14 WHERE report_id = 620;
UPDATE reports SET freq = 2,time_duration = 16 WHERE report_id = 621;
UPDATE reports SET freq = 24,time_duration = 5 WHERE report_id = 622;
UPDATE reports SET freq = 4,time_duration = 21 WHERE report_id = 623;
UPDATE reports SET freq = 3,time_duration = 5 WHERE report_id = 624;
UPDATE reports SET freq = 1,time_duration = 20 WHERE report_id = 625;
UPDATE reports SET freq = 2,time_duration = 22 WHERE report_id = 626;
UPDATE reports SET freq = 0,time_duration = 22 WHERE report_id = 627;
UPDATE reports SET freq = 2,time_duration = 17 WHERE report_id = 628;
UPDATE reports SET freq = 1,time_duration = 99 WHERE report_id = 629;
UPDATE reports SET freq = 1,time_duration = 15 WHERE report_id = 630;
UPDATE reports SET freq = 1,time_duration = 65 WHERE report_id = 631;
UPDATE reports SET freq = 1,time_duration = 62 WHERE report_id = 632;
UPDATE reports SET freq = 1,time_duration = 9 WHERE report_id = 633;
UPDATE reports SET freq = 1,time_duration = 9 WHERE report_id = 634;
UPDATE reports SET freq = 1,time_duration = 10 WHERE report_id = 635;
UPDATE reports SET freq = 1,time_duration = 5 WHERE report_id = 636;
UPDATE reports SET freq = 1,time_duration = 5 WHERE report_id = 637;
UPDATE reports SET freq = 1,time_duration = 62 WHERE report_id = 638;
UPDATE reports SET freq = 1,time_duration = 17 WHERE report_id = 639;
UPDATE reports SET freq = 1,time_duration = 31 WHERE report_id = 640;
UPDATE reports SET freq = 1,time_duration = 21 WHERE report_id = 641;
UPDATE reports SET freq = 1,time_duration = 21 WHERE report_id = 642;
UPDATE reports SET freq = 1,time_duration = 122 WHERE report_id = 643;
UPDATE reports SET freq = 1,time_duration = 29 WHERE report_id = 644;
UPDATE reports SET freq = 1,time_duration = 28 WHERE report_id = 645;
UPDATE reports SET freq = 1,time_duration = 29 WHERE report_id = 646;
UPDATE reports SET freq = 1,time_duration = 16 WHERE report_id = 647;
UPDATE reports SET freq = 1,time_duration = 17 WHERE report_id = 648;
UPDATE reports SET freq = 1,time_duration = 84 WHERE report_id = 649;
UPDATE reports SET freq = 1,time_duration = 42 WHERE report_id = 650;
UPDATE reports SET freq = 1,time_duration = 93 WHERE report_id = 651;
UPDATE reports SET freq = 1,time_duration = 41 WHERE report_id = 652;
UPDATE reports SET freq = 1,time_duration = 86 WHERE report_id = 653;
UPDATE reports SET freq = 1,time_duration = 100 WHERE report_id = 654;
UPDATE reports SET freq = 1,time_duration = 100 WHERE report_id = 655;
UPDATE reports SET freq = 1,time_duration = 94 WHERE report_id = 656;
UPDATE reports SET freq = 1,time_duration = 191 WHERE report_id = 657;
UPDATE reports SET freq = 1,time_duration = 182 WHERE report_id = 658;
UPDATE reports SET freq = 1,time_duration = 193 WHERE report_id = 659;
UPDATE reports SET freq = 1,time_duration = 63 WHERE report_id = 660;
UPDATE reports SET freq = 1,time_duration = 61 WHERE report_id = 661;
UPDATE reports SET freq = 1,time_duration = 61 WHERE report_id = 662;
UPDATE reports SET freq = 18,time_duration = 58 WHERE report_id = 663;
UPDATE reports SET freq = 2,time_duration = 5 WHERE report_id = 664;
UPDATE reports SET freq = 1,time_duration = 5 WHERE report_id = 665;
UPDATE reports SET freq = 1,time_duration = 5 WHERE report_id = 666;
UPDATE reports SET freq = 3,time_duration = 32 WHERE report_id = 667;
UPDATE reports SET freq = 2,time_duration = 11 WHERE report_id = 668;
UPDATE reports SET freq = 1,time_duration = 16 WHERE report_id = 669;
UPDATE reports SET freq = 1,time_duration = 16 WHERE report_id = 670;
UPDATE reports SET freq = 1,time_duration = 17 WHERE report_id = 671;
UPDATE reports SET freq = 1,time_duration = 17 WHERE report_id = 672;
UPDATE reports SET freq = 3,time_duration = 15 WHERE report_id = 673;
UPDATE reports SET freq = 3,time_duration = 15 WHERE report_id = 674;
UPDATE reports SET freq = 2,time_duration = 15 WHERE report_id = 675;
UPDATE reports SET freq = 24,time_duration = 5 WHERE report_id = 676;
UPDATE reports SET freq = 4,time_duration = 21 WHERE report_id = 677;
UPDATE reports SET freq = 3,time_duration = 5 WHERE report_id = 678;
UPDATE reports SET freq = 1,time_duration = 22 WHERE report_id = 679;
UPDATE reports SET freq = 2,time_duration = 22 WHERE report_id = 680;
UPDATE reports SET freq = 0,time_duration = 20 WHERE report_id = 681;
UPDATE reports SET freq = 2,time_duration = 14 WHERE report_id = 682;
UPDATE reports SET freq = 1,time_duration = 86 WHERE report_id = 683;
UPDATE reports SET freq = 1,time_duration = 14 WHERE report_id = 684;
UPDATE reports SET freq = 1,time_duration = 62 WHERE report_id = 685;
UPDATE reports SET freq = 1,time_duration = 62 WHERE report_id = 686;
UPDATE reports SET freq = 1,time_duration = 11 WHERE report_id = 687;
UPDATE reports SET freq = 1,time_duration = 10 WHERE report_id = 688;
UPDATE reports SET freq = 1,time_duration = 9 WHERE report_id = 689;
UPDATE reports SET freq = 1,time_duration = 5 WHERE report_id = 690;
UPDATE reports SET freq = 1,time_duration = 5 WHERE report_id = 691;
UPDATE reports SET freq = 1,time_duration = 56 WHERE report_id = 692;
UPDATE reports SET freq = 1,time_duration = 16 WHERE report_id = 693;
UPDATE reports SET freq = 1,time_duration = 29 WHERE report_id = 694;
UPDATE reports SET freq = 1,time_duration = 19 WHERE report_id = 695;
UPDATE reports SET freq = 1,time_duration = 18 WHERE report_id = 696;
UPDATE reports SET freq = 1,time_duration = 108 WHERE report_id = 697;
UPDATE reports SET freq = 1,time_duration = 29 WHERE report_id = 698;
UPDATE reports SET freq = 1,time_duration = 33 WHERE report_id = 699;
UPDATE reports SET freq = 1,time_duration = 33 WHERE report_id = 700;
UPDATE reports SET freq = 1,time_duration = 14 WHERE report_id = 701;
UPDATE reports SET freq = 1,time_duration = 14 WHERE report_id = 702;
UPDATE reports SET freq = 1,time_duration = 97 WHERE report_id = 703;
UPDATE reports SET freq = 1,time_duration = 45 WHERE report_id = 704;
UPDATE reports SET freq = 1,time_duration = 91 WHERE report_id = 705;
UPDATE reports SET freq = 1,time_duration = 45 WHERE report_id = 706;
UPDATE reports SET freq = 1,time_duration = 92 WHERE report_id = 707;
UPDATE reports SET freq = 1,time_duration = 98 WHERE report_id = 708;
UPDATE reports SET freq = 1,time_duration = 81 WHERE report_id = 709;
UPDATE reports SET freq = 1,time_duration = 94 WHERE report_id = 710;
UPDATE reports SET freq = 1,time_duration = 178 WHERE report_id = 711;
UPDATE reports SET freq = 1,time_duration = 194 WHERE report_id = 712;
UPDATE reports SET freq = 1,time_duration = 187 WHERE report_id = 713;
UPDATE reports SET freq = 1,time_duration = 58 WHERE report_id = 714;
UPDATE reports SET freq = 1,time_duration = 65 WHERE report_id = 715;
UPDATE reports SET freq = 1,time_duration = 65 WHERE report_id = 716;
UPDATE reports SET freq = 13,time_duration = 54 WHERE report_id = 717;
UPDATE reports SET freq = 2,time_duration = 5 WHERE report_id = 718;
UPDATE reports SET freq = 1,time_duration = 5 WHERE report_id = 719;
UPDATE reports SET freq = 1,time_duration = 5 WHERE report_id = 720;
UPDATE reports SET freq = 3,time_duration = 29 WHERE report_id = 721;
UPDATE reports SET freq = 2,time_duration = 9 WHERE report_id = 722;
UPDATE reports SET freq = 1,time_duration = 17 WHERE report_id = 723;
UPDATE reports SET freq = 1,time_duration = 14 WHERE report_id = 724;
UPDATE reports SET freq = 1,time_duration = 14 WHERE report_id = 725;
UPDATE reports SET freq = 1,time_duration = 14 WHERE report_id = 726;
UPDATE reports SET freq = 3,time_duration = 16 WHERE report_id = 727;
UPDATE reports SET freq = 3,time_duration = 15 WHERE report_id = 728;
UPDATE reports SET freq = 2,time_duration = 16 WHERE report_id = 729;
UPDATE reports SET freq = 24,time_duration = 5 WHERE report_id = 730;
UPDATE reports SET freq = 4,time_duration = 22 WHERE report_id = 731;
UPDATE reports SET freq = 3,time_duration = 5 WHERE report_id = 732;
UPDATE reports SET freq = 1,time_duration = 20 WHERE report_id = 733;
UPDATE reports SET freq = 2,time_duration = 19 WHERE report_id = 734;
UPDATE reports SET freq = 0,time_duration = 19 WHERE report_id = 735;
UPDATE reports SET freq = 2,time_duration = 16 WHERE report_id = 736;
UPDATE reports SET freq = 1,time_duration = 100 WHERE report_id = 737;
UPDATE reports SET freq = 1,time_duration = 14 WHERE report_id = 738;
UPDATE reports SET freq = 1,time_duration = 56 WHERE report_id = 739;
UPDATE reports SET freq = 1,time_duration = 58 WHERE report_id = 740;
UPDATE reports SET freq = 1,time_duration = 10 WHERE report_id = 741;
UPDATE reports SET freq = 1,time_duration = 10 WHERE report_id = 742;
UPDATE reports SET freq = 1,time_duration = 11 WHERE report_id = 743;
UPDATE reports SET freq = 1,time_duration = 6 WHERE report_id = 744;
UPDATE reports SET freq = 1,time_duration = 5 WHERE report_id = 745;
UPDATE reports SET freq = 1,time_duration = 65 WHERE report_id = 746;
UPDATE reports SET freq = 1,time_duration = 14 WHERE report_id = 747;
UPDATE reports SET freq = 1,time_duration = 29 WHERE report_id = 748;
UPDATE reports SET freq = 1,time_duration = 22 WHERE report_id = 749;
UPDATE reports SET freq = 1,time_duration = 22 WHERE report_id = 750;
UPDATE reports SET freq = 1,time_duration = 130 WHERE report_id = 751;
UPDATE reports SET freq = 1,time_duration = 30 WHERE report_id = 752;
UPDATE reports SET freq = 1,time_duration = 30 WHERE report_id = 753;
UPDATE reports SET freq = 1,time_duration = 28 WHERE report_id = 754;
UPDATE reports SET freq = 1,time_duration = 14 WHERE report_id = 755;
UPDATE reports SET freq = 1,time_duration = 15 WHERE report_id = 756;
UPDATE reports SET freq = 1,time_duration = 88 WHERE report_id = 757;
UPDATE reports SET freq = 1,time_duration = 43 WHERE report_id = 758;
UPDATE reports SET freq = 1,time_duration = 100 WHERE report_id = 759;
UPDATE reports SET freq = 1,time_duration = 47 WHERE report_id = 760;
UPDATE reports SET freq = 1,time_duration = 87 WHERE report_id = 761;
UPDATE reports SET freq = 1,time_duration = 85 WHERE report_id = 762;
UPDATE reports SET freq = 1,time_duration = 83 WHERE report_id = 763;
UPDATE reports SET freq = 1,time_duration = 90 WHERE report_id = 764;
UPDATE reports SET freq = 1,time_duration = 166 WHERE report_id = 765;
UPDATE reports SET freq = 1,time_duration = 191 WHERE report_id = 766;
UPDATE reports SET freq = 1,time_duration = 191 WHERE report_id = 767;
UPDATE reports SET freq = 1,time_duration = 58 WHERE report_id = 768;
UPDATE reports SET freq = 1,time_duration = 55 WHERE report_id = 769;
UPDATE reports SET freq = 1,time_duration = 56 WHERE report_id = 770;
UPDATE reports SET freq = 15,time_duration = 56 WHERE report_id = 771;
UPDATE reports SET freq = 2,time_duration = 5 WHERE report_id = 772;
UPDATE reports SET freq = 1,time_duration = 6 WHERE report_id = 773;
UPDATE reports SET freq = 1,time_duration = 5 WHERE report_id = 774;
UPDATE reports SET freq = 3,time_duration = 33 WHERE report_id = 775;
UPDATE reports SET freq = 2,time_duration = 10 WHERE report_id = 776;
UPDATE reports SET freq = 1,time_duration = 17 WHERE report_id = 777;
UPDATE reports SET freq = 1,time_duration = 14 WHERE report_id = 778;
UPDATE reports SET freq = 1,time_duration = 17 WHERE report_id = 779;
UPDATE reports SET freq = 1,time_duration = 14 WHERE report_id = 780;
UPDATE reports SET freq = 3,time_duration = 17 WHERE report_id = 781;
UPDATE reports SET freq = 3,time_duration = 14 WHERE report_id = 782;
UPDATE reports SET freq = 2,time_duration = 15 WHERE report_id = 783;
UPDATE reports SET freq = 24,time_duration = 5 WHERE report_id = 784;
UPDATE reports SET freq = 4,time_duration = 18 WHERE report_id = 785;
UPDATE reports SET freq = 3,time_duration = 5 WHERE report_id = 786;
UPDATE reports SET freq = 1,time_duration = 22 WHERE report_id = 787;
UPDATE reports SET freq = 2,time_duration = 21 WHERE report_id = 788;
UPDATE reports SET freq = 0,time_duration = 20 WHERE report_id = 789;
UPDATE reports SET freq = 2,time_duration = 15 WHERE report_id = 790;
UPDATE reports SET freq = 1,time_duration = 82 WHERE report_id = 791;
UPDATE reports SET freq = 1,time_duration = 14 WHERE report_id = 792;
UPDATE reports SET freq = 1,time_duration = 59 WHERE report_id = 793;
UPDATE reports SET freq = 1,time_duration = 59 WHERE report_id = 794;
UPDATE reports SET freq = 1,time_duration = 11 WHERE report_id = 795;
UPDATE reports SET freq = 1,time_duration = 10 WHERE report_id = 796;
UPDATE reports SET freq = 1,time_duration = 9 WHERE report_id = 797;
UPDATE reports SET freq = 1,time_duration = 5 WHERE report_id = 798;
UPDATE reports SET freq = 1,time_duration = 5 WHERE report_id = 799;
UPDATE reports SET freq = 1,time_duration = 64 WHERE report_id = 800;
UPDATE reports SET freq = 1,time_duration = 14 WHERE report_id = 801;
UPDATE reports SET freq = 1,time_duration = 31 WHERE report_id = 802;
UPDATE reports SET freq = 1,time_duration = 19 WHERE report_id = 803;
UPDATE reports SET freq = 1,time_duration = 18 WHERE report_id = 804;
UPDATE reports SET freq = 1,time_duration = 108 WHERE report_id = 805;
UPDATE reports SET freq = 1,time_duration = 31 WHERE report_id = 806;
UPDATE reports SET freq = 1,time_duration = 28 WHERE report_id = 807;
UPDATE reports SET freq = 1,time_duration = 31 WHERE report_id = 808;
UPDATE reports SET freq = 1,time_duration = 16 WHERE report_id = 809;
UPDATE reports SET freq = 1,time_duration = 16 WHERE report_id = 810;
UPDATE reports SET freq = 1,time_duration = 98 WHERE report_id = 811;
UPDATE reports SET freq = 1,time_duration = 47 WHERE report_id = 812;
UPDATE reports SET freq = 1,time_duration = 88 WHERE report_id = 813;
UPDATE reports SET freq = 1,time_duration = 45 WHERE report_id = 814;
UPDATE reports SET freq = 1,time_duration = 89 WHERE report_id = 815;
UPDATE reports SET freq = 1,time_duration = 99 WHERE report_id = 816;
UPDATE reports SET freq = 1,time_duration = 95 WHERE report_id = 817;
UPDATE reports SET freq = 1,time_duration = 89 WHERE report_id = 818;
UPDATE reports SET freq = 1,time_duration = 173 WHERE report_id = 819;
UPDATE reports SET freq = 1,time_duration = 167 WHERE report_id = 820;
UPDATE reports SET freq = 1,time_duration = 185 WHERE report_id = 821;
UPDATE reports SET freq = 1,time_duration = 58 WHERE report_id = 822;
UPDATE reports SET freq = 1,time_duration = 59 WHERE report_id = 823;
UPDATE reports SET freq = 1,time_duration = 57 WHERE report_id = 824;
UPDATE reports SET freq = 15,time_duration = 56 WHERE report_id = 825;
UPDATE reports SET freq = 2,time_duration = 5 WHERE report_id = 826;
UPDATE reports SET freq = 1,time_duration = 5 WHERE report_id = 827;
UPDATE reports SET freq = 1,time_duration = 5 WHERE report_id = 828;
UPDATE reports SET freq = 3,time_duration = 29 WHERE report_id = 829;
UPDATE reports SET freq = 2,time_duration = 10 WHERE report_id = 830;
UPDATE reports SET freq = 1,time_duration = 15 WHERE report_id = 831;
UPDATE reports SET freq = 1,time_duration = 15 WHERE report_id = 832;
UPDATE reports SET freq = 1,time_duration = 15 WHERE report_id = 833;
UPDATE reports SET freq = 1,time_duration = 14 WHERE report_id = 834;
UPDATE reports SET freq = 3,time_duration = 17 WHERE report_id = 835;
UPDATE reports SET freq = 3,time_duration = 14 WHERE report_id = 836;
UPDATE reports SET freq = 2,time_duration = 15 WHERE report_id = 837;
UPDATE reports SET freq = 24,time_duration = 5 WHERE report_id = 838;
UPDATE reports SET freq = 4,time_duration = 20 WHERE report_id = 839;
UPDATE reports SET freq = 3,time_duration = 5 WHERE report_id = 840;
UPDATE reports SET freq = 1,time_duration = 19 WHERE report_id = 841;
UPDATE reports SET freq = 2,time_duration = 19 WHERE report_id = 842;
UPDATE reports SET freq = 0,time_duration = 20 WHERE report_id = 843;
UPDATE reports SET freq = 2,time_duration = 15 WHERE report_id = 844;
UPDATE reports SET freq = 1,time_duration = 83 WHERE report_id = 845;
UPDATE reports SET freq = 1,time_duration = 15 WHERE report_id = 846;
UPDATE reports SET freq = 1,time_duration = 62 WHERE report_id = 847;
UPDATE reports SET freq = 1,time_duration = 64 WHERE report_id = 848;
UPDATE reports SET freq = 1,time_duration = 10 WHERE report_id = 849;
UPDATE reports SET freq = 1,time_duration = 11 WHERE report_id = 850;
UPDATE reports SET freq = 1,time_duration = 11 WHERE report_id = 851;
UPDATE reports SET freq = 1,time_duration = 5 WHERE report_id = 852;
UPDATE reports SET freq = 1,time_duration = 5 WHERE report_id = 853;
UPDATE reports SET freq = 1,time_duration = 56 WHERE report_id = 854;
UPDATE reports SET freq = 1,time_duration = 16 WHERE report_id = 855;
UPDATE reports SET freq = 1,time_duration = 28 WHERE report_id = 856;
UPDATE reports SET freq = 1,time_duration = 21 WHERE report_id = 857;
UPDATE reports SET freq = 1,time_duration = 22 WHERE report_id = 858;
UPDATE reports SET freq = 1,time_duration = 132 WHERE report_id = 859;
UPDATE reports SET freq = 1,time_duration = 32 WHERE report_id = 860;
UPDATE reports SET freq = 1,time_duration = 27 WHERE report_id = 861;
UPDATE reports SET freq = 1,time_duration = 27 WHERE report_id = 862;
UPDATE reports SET freq = 1,time_duration = 14 WHERE report_id = 863;
UPDATE reports SET freq = 1,time_duration = 15 WHERE report_id = 864;
UPDATE reports SET freq = 1,time_duration = 98 WHERE report_id = 865;
UPDATE reports SET freq = 1,time_duration = 43 WHERE report_id = 866;
UPDATE reports SET freq = 1,time_duration = 83 WHERE report_id = 867;
UPDATE reports SET freq = 1,time_duration = 48 WHERE report_id = 868;
UPDATE reports SET freq = 1,time_duration = 96 WHERE report_id = 869;
UPDATE reports SET freq = 1,time_duration = 99 WHERE report_id = 870;
UPDATE reports SET freq = 1,time_duration = 97 WHERE report_id = 871;
UPDATE reports SET freq = 1,time_duration = 84 WHERE report_id = 872;
UPDATE reports SET freq = 1,time_duration = 173 WHERE report_id = 873;
UPDATE reports SET freq = 1,time_duration = 193 WHERE report_id = 874;
UPDATE reports SET freq = 1,time_duration = 178 WHERE report_id = 875;
UPDATE reports SET freq = 1,time_duration = 64 WHERE report_id = 876;
UPDATE reports SET freq = 1,time_duration = 65 WHERE report_id = 877;
UPDATE reports SET freq = 1,time_duration = 57 WHERE report_id = 878;
UPDATE reports SET freq = 13,time_duration = 66 WHERE report_id = 879;
UPDATE reports SET freq = 2,time_duration = 5 WHERE report_id = 880;
UPDATE reports SET freq = 1,time_duration = 5 WHERE report_id = 881;
UPDATE reports SET freq = 1,time_duration = 5 WHERE report_id = 882;
UPDATE reports SET freq = 3,time_duration = 32 WHERE report_id = 883;
UPDATE reports SET freq = 2,time_duration = 9 WHERE report_id = 884;
UPDATE reports SET freq = 1,time_duration = 16 WHERE report_id = 885;
UPDATE reports SET freq = 1,time_duration = 17 WHERE report_id = 886;
UPDATE reports SET freq = 1,time_duration = 16 WHERE report_id = 887;
UPDATE reports SET freq = 1,time_duration = 14 WHERE report_id = 888;
UPDATE reports SET freq = 3,time_duration = 14 WHERE report_id = 889;
UPDATE reports SET freq = 3,time_duration = 15 WHERE report_id = 890;
UPDATE reports SET freq = 2,time_duration = 15 WHERE report_id = 891;
UPDATE reports SET freq = 24,time_duration = 5 WHERE report_id = 892;
UPDATE reports SET freq = 4,time_duration = 20 WHERE report_id = 893;
UPDATE reports SET freq = 3,time_duration = 5 WHERE report_id = 894;
UPDATE reports SET freq = 1,time_duration = 20 WHERE report_id = 895;
UPDATE reports SET freq = 2,time_duration = 22 WHERE report_id = 896;
UPDATE reports SET freq = 0,time_duration = 19 WHERE report_id = 897;
UPDATE reports SET freq = 2,time_duration = 15 WHERE report_id = 898;
UPDATE reports SET freq = 1,time_duration = 83 WHERE report_id = 899;
UPDATE reports SET freq = 1,time_duration = 15 WHERE report_id = 900;
UPDATE reports SET freq = 1,time_duration = 65 WHERE report_id = 901;
UPDATE reports SET freq = 1,time_duration = 62 WHERE report_id = 902;
UPDATE reports SET freq = 1,time_duration = 10 WHERE report_id = 903;
UPDATE reports SET freq = 1,time_duration = 10 WHERE report_id = 904;
UPDATE reports SET freq = 1,time_duration = 11 WHERE report_id = 905;
UPDATE reports SET freq = 1,time_duration = 5 WHERE report_id = 906;
UPDATE reports SET freq = 1,time_duration = 6 WHERE report_id = 907;
UPDATE reports SET freq = 1,time_duration = 62 WHERE report_id = 908;
UPDATE reports SET freq = 1,time_duration = 15 WHERE report_id = 909;
UPDATE reports SET freq = 1,time_duration = 29 WHERE report_id = 910;
UPDATE reports SET freq = 1,time_duration = 19 WHERE report_id = 911;
UPDATE reports SET freq = 1,time_duration = 21 WHERE report_id = 912;
UPDATE reports SET freq = 1,time_duration = 128 WHERE report_id = 913;
UPDATE reports SET freq = 1,time_duration = 33 WHERE report_id = 914;
UPDATE reports SET freq = 1,time_duration = 28 WHERE report_id = 915;
UPDATE reports SET freq = 1,time_duration = 30 WHERE report_id = 916;
UPDATE reports SET freq = 1,time_duration = 14 WHERE report_id = 917;
UPDATE reports SET freq = 1,time_duration = 16 WHERE report_id = 918;
UPDATE reports SET freq = 1,time_duration = 94 WHERE report_id = 919;
UPDATE reports SET freq = 1,time_duration = 44 WHERE report_id = 920;
UPDATE reports SET freq = 1,time_duration = 85 WHERE report_id = 921;
UPDATE reports SET freq = 1,time_duration = 43 WHERE report_id = 922;
UPDATE reports SET freq = 1,time_duration = 89 WHERE report_id = 923;
UPDATE reports SET freq = 1,time_duration = 94 WHERE report_id = 924;
UPDATE reports SET freq = 1,time_duration = 86 WHERE report_id = 925;
UPDATE reports SET freq = 1,time_duration = 90 WHERE report_id = 926;
UPDATE reports SET freq = 1,time_duration = 193 WHERE report_id = 927;
UPDATE reports SET freq = 1,time_duration = 196 WHERE report_id = 928;
UPDATE reports SET freq = 1,time_duration = 164 WHERE report_id = 929;
UPDATE reports SET freq = 1,time_duration = 59 WHERE report_id = 930;
UPDATE reports SET freq = 1,time_duration = 63 WHERE report_id = 931;
UPDATE reports SET freq = 1,time_duration = 61 WHERE report_id = 932;
UPDATE reports SET freq = 21,time_duration = 62 WHERE report_id = 933;
UPDATE reports SET freq = 2,time_duration = 5 WHERE report_id = 934;
UPDATE reports SET freq = 1,time_duration = 5 WHERE report_id = 935;
UPDATE reports SET freq = 1,time_duration = 5 WHERE report_id = 936;
UPDATE reports SET freq = 3,time_duration = 32 WHERE report_id = 937;
UPDATE reports SET freq = 2,time_duration = 11 WHERE report_id = 938;
UPDATE reports SET freq = 1,time_duration = 16 WHERE report_id = 939;
UPDATE reports SET freq = 1,time_duration = 15 WHERE report_id = 940;
UPDATE reports SET freq = 1,time_duration = 15 WHERE report_id = 941;
UPDATE reports SET freq = 1,time_duration = 14 WHERE report_id = 942;
UPDATE reports SET freq = 3,time_duration = 16 WHERE report_id = 943;
UPDATE reports SET freq = 3,time_duration = 14 WHERE report_id = 944;
UPDATE reports SET freq = 2,time_duration = 16 WHERE report_id = 945;
UPDATE reports SET freq = 24,time_duration = 5 WHERE report_id = 946;
UPDATE reports SET freq = 4,time_duration = 21 WHERE report_id = 947;
UPDATE reports SET freq = 3,time_duration = 5 WHERE report_id = 948;
UPDATE reports SET freq = 1,time_duration = 19 WHERE report_id = 949;
UPDATE reports SET freq = 2,time_duration = 22 WHERE report_id = 950;
UPDATE reports SET freq = 0,time_duration = 21 WHERE report_id = 951;
UPDATE reports SET freq = 2,time_duration = 15 WHERE report_id = 952;
UPDATE reports SET freq = 1,time_duration = 94 WHERE report_id = 953;
UPDATE reports SET freq = 1,time_duration = 14 WHERE report_id = 954;
UPDATE reports SET freq = 1,time_duration = 64 WHERE report_id = 955;
UPDATE reports SET freq = 1,time_duration = 63 WHERE report_id = 956;
UPDATE reports SET freq = 1,time_duration = 10 WHERE report_id = 957;
UPDATE reports SET freq = 1,time_duration = 9 WHERE report_id = 958;
UPDATE reports SET freq = 1,time_duration = 9 WHERE report_id = 959;
UPDATE reports SET freq = 1,time_duration = 5 WHERE report_id = 960;
UPDATE reports SET freq = 1,time_duration = 5 WHERE report_id = 961;
UPDATE reports SET freq = 1,time_duration = 61 WHERE report_id = 962;
UPDATE reports SET freq = 1,time_duration = 14 WHERE report_id = 963;
UPDATE reports SET freq = 1,time_duration = 28 WHERE report_id = 964;
UPDATE reports SET freq = 1,time_duration = 20 WHERE report_id = 965;
UPDATE reports SET freq = 1,time_duration = 19 WHERE report_id = 966;
UPDATE reports SET freq = 1,time_duration = 116 WHERE report_id = 967;
UPDATE reports SET freq = 1,time_duration = 32 WHERE report_id = 968;
UPDATE reports SET freq = 1,time_duration = 33 WHERE report_id = 969;
UPDATE reports SET freq = 1,time_duration = 33 WHERE report_id = 970;
UPDATE reports SET freq = 1,time_duration = 17 WHERE report_id = 971;
UPDATE reports SET freq = 1,time_duration = 16 WHERE report_id = 972;
UPDATE reports SET freq = 1,time_duration = 99 WHERE report_id = 973;
UPDATE reports SET freq = 1,time_duration = 44 WHERE report_id = 974;
UPDATE reports SET freq = 1,time_duration = 89 WHERE report_id = 975;
UPDATE reports SET freq = 1,time_duration = 50 WHERE report_id = 976;
UPDATE reports SET freq = 1,time_duration = 85 WHERE report_id = 977;
UPDATE reports SET freq = 1,time_duration = 88 WHERE report_id = 978;
UPDATE reports SET freq = 1,time_duration = 83 WHERE report_id = 979;
UPDATE reports SET freq = 1,time_duration = 86 WHERE report_id = 980;
UPDATE reports SET freq = 1,time_duration = 166 WHERE report_id = 981;
UPDATE reports SET freq = 1,time_duration = 196 WHERE report_id = 982;
UPDATE reports SET freq = 1,time_duration = 164 WHERE report_id = 983;
UPDATE reports SET freq = 1,time_duration = 66 WHERE report_id = 984;
UPDATE reports SET freq = 1,time_duration = 65 WHERE report_id = 985;
UPDATE reports SET freq = 1,time_duration = 62 WHERE report_id = 986;
UPDATE reports SET freq = 13,time_duration = 62 WHERE report_id = 987;
UPDATE reports SET freq = 2,time_duration = 5 WHERE report_id = 988;
UPDATE reports SET freq = 1,time_duration = 6 WHERE report_id = 989;
UPDATE reports SET freq = 1,time_duration = 5 WHERE report_id = 990;
UPDATE reports SET freq = 3,time_duration = 32 WHERE report_id = 991;
UPDATE reports SET freq = 2,time_duration = 11 WHERE report_id = 992;
UPDATE reports SET freq = 1,time_duration = 17 WHERE report_id = 993;
UPDATE reports SET freq = 1,time_duration = 15 WHERE report_id = 994;
UPDATE reports SET freq = 1,time_duration = 15 WHERE report_id = 995;
UPDATE reports SET freq = 1,time_duration = 14 WHERE report_id = 996;
UPDATE reports SET freq = 3,time_duration = 14 WHERE report_id = 997;
UPDATE reports SET freq = 3,time_duration = 16 WHERE report_id = 998;
UPDATE reports SET freq = 2,time_duration = 14 WHERE report_id = 999;
UPDATE reports SET freq = 24,time_duration = 5 WHERE report_id = 1000;
UPDATE reports SET freq = 4,time_duration = 22 WHERE report_id = 1001;
UPDATE reports SET freq = 3,time_duration = 5 WHERE report_id = 1002;
UPDATE reports SET freq = 1,time_duration = 20 WHERE report_id = 1003;
UPDATE reports SET freq = 2,time_duration = 20 WHERE report_id = 1004;
UPDATE reports SET freq = 0,time_duration = 19 WHERE report_id = 1005;
UPDATE reports SET freq = 2,time_duration = 14 WHERE report_id = 1006;
UPDATE reports SET freq = 1,time_duration = 90 WHERE report_id = 1007;
UPDATE reports SET freq = 1,time_duration = 14 WHERE report_id = 1008;
UPDATE reports SET freq = 1,time_duration = 62 WHERE report_id = 1009;
UPDATE reports SET freq = 1,time_duration = 58 WHERE report_id = 1010;
UPDATE reports SET freq = 1,time_duration = 11 WHERE report_id = 1011;
UPDATE reports SET freq = 1,time_duration = 9 WHERE report_id = 1012;
UPDATE reports SET freq = 1,time_duration = 9 WHERE report_id = 1013;
UPDATE reports SET freq = 1,time_duration = 5 WHERE report_id = 1014;
UPDATE reports SET freq = 1,time_duration = 5 WHERE report_id = 1015;
UPDATE reports SET freq = 1,time_duration = 62 WHERE report_id = 1016;
UPDATE reports SET freq = 1,time_duration = 14 WHERE report_id = 1017;
UPDATE reports SET freq = 1,time_duration = 30 WHERE report_id = 1018;
UPDATE reports SET freq = 1,time_duration = 22 WHERE report_id = 1019;
UPDATE reports SET freq = 1,time_duration = 20 WHERE report_id = 1020;
UPDATE reports SET freq = 1,time_duration = 115 WHERE report_id = 1021;
UPDATE reports SET freq = 1,time_duration = 30 WHERE report_id = 1022;
UPDATE reports SET freq = 1,time_duration = 33 WHERE report_id = 1023;
UPDATE reports SET freq = 1,time_duration = 32 WHERE report_id = 1024;
UPDATE reports SET freq = 1,time_duration = 15 WHERE report_id = 1025;
UPDATE reports SET freq = 1,time_duration = 15 WHERE report_id = 1026;
UPDATE reports SET freq = 1,time_duration = 84 WHERE report_id = 1027;
UPDATE reports SET freq = 1,time_duration = 50 WHERE report_id = 1028;
UPDATE reports SET freq = 1,time_duration = 98 WHERE report_id = 1029;
UPDATE reports SET freq = 1,time_duration = 44 WHERE report_id = 1030;
UPDATE reports SET freq = 1,time_duration = 94 WHERE report_id = 1031;
UPDATE reports SET freq = 1,time_duration = 95 WHERE report_id = 1032;
UPDATE reports SET freq = 1,time_duration = 92 WHERE report_id = 1033;
UPDATE reports SET freq = 1,time_duration = 85 WHERE report_id = 1034;
UPDATE reports SET freq = 1,time_duration = 182 WHERE report_id = 1035;
UPDATE reports SET freq = 1,time_duration = 189 WHERE report_id = 1036;
UPDATE reports SET freq = 1,time_duration = 180 WHERE report_id = 1037;
UPDATE reports SET freq = 1,time_duration = 59 WHERE report_id = 1038;
UPDATE reports SET freq = 1,time_duration = 65 WHERE report_id = 1039;
UPDATE reports SET freq = 1,time_duration = 61 WHERE report_id = 1040;
UPDATE reports SET freq = 13,time_duration = 64 WHERE report_id = 1041;
UPDATE reports SET freq = 2,time_duration = 5 WHERE report_id = 1042;
UPDATE reports SET freq = 1,time_duration = 5 WHERE report_id = 1043;
UPDATE reports SET freq = 1,time_duration = 5 WHERE report_id = 1044;
UPDATE reports SET freq = 3,time_duration = 27 WHERE report_id = 1045;
UPDATE reports SET freq = 2,time_duration = 10 WHERE report_id = 1046;
UPDATE reports SET freq = 1,time_duration = 16 WHERE report_id = 1047;
UPDATE reports SET freq = 1,time_duration = 17 WHERE report_id = 1048;
UPDATE reports SET freq = 1,time_duration = 15 WHERE report_id = 1049;
UPDATE reports SET freq = 1,time_duration = 15 WHERE report_id = 1050;
UPDATE reports SET freq = 3,time_duration = 16 WHERE report_id = 1051;
UPDATE reports SET freq = 3,time_duration = 16 WHERE report_id = 1052;
UPDATE reports SET freq = 2,time_duration = 14 WHERE report_id = 1053;
UPDATE reports SET freq = 24,time_duration = 6 WHERE report_id = 1054;
UPDATE reports SET freq = 4,time_duration = 20 WHERE report_id = 1055;
UPDATE reports SET freq = 3,time_duration = 5 WHERE report_id = 1056;
UPDATE reports SET freq = 1,time_duration = 22 WHERE report_id = 1057;
UPDATE reports SET freq = 2,time_duration = 21 WHERE report_id = 1058;
UPDATE reports SET freq = 0,time_duration = 21 WHERE report_id = 1059;
UPDATE reports SET freq = 2,time_duration = 14 WHERE report_id = 1060;
UPDATE reports SET freq = 1,time_duration = 95 WHERE report_id = 1061;
UPDATE reports SET freq = 1,time_duration = 15 WHERE report_id = 1062;
UPDATE reports SET freq = 1,time_duration = 54 WHERE report_id = 1063;
UPDATE reports SET freq = 1,time_duration = 58 WHERE report_id = 1064;
UPDATE reports SET freq = 1,time_duration = 10 WHERE report_id = 1065;
UPDATE reports SET freq = 1,time_duration = 11 WHERE report_id = 1066;
UPDATE reports SET freq = 1,time_duration = 9 WHERE report_id = 1067;
UPDATE reports SET freq = 1,time_duration = 5 WHERE report_id = 1068;
UPDATE reports SET freq = 1,time_duration = 5 WHERE report_id = 1069;
UPDATE reports SET freq = 1,time_duration = 55 WHERE report_id = 1070;
UPDATE reports SET freq = 1,time_duration = 15 WHERE report_id = 1071;
UPDATE reports SET freq = 1,time_duration = 30 WHERE report_id = 1072;
UPDATE reports SET freq = 1,time_duration = 21 WHERE report_id = 1073;
UPDATE reports SET freq = 1,time_duration = 21 WHERE report_id = 1074;
UPDATE reports SET freq = 1,time_duration = 114 WHERE report_id = 1075;
UPDATE reports SET freq = 1,time_duration = 31 WHERE report_id = 1076;
UPDATE reports SET freq = 1,time_duration = 33 WHERE report_id = 1077;
UPDATE reports SET freq = 1,time_duration = 30 WHERE report_id = 1078;
UPDATE reports SET freq = 1,time_duration = 16 WHERE report_id = 1079;
UPDATE reports SET freq = 1,time_duration = 15 WHERE report_id = 1080;